onset	duration	trial_type	sample	stim_file	subject	experiment	session	list	serialpos	item_name	item_num	recalled	repeats	is_repeat
10.20849609375	n/a	SESS_START	20907	n/a	LTP558	ltpDelayRepFRReadOnly	0	0	n/a	n/a	n/a	0	n/a	0
221.95703125	n/a	TRIAL_START	454568	n/a	LTP558	ltpDelayRepFRReadOnly	0	n/a	n/a	n/a	n/a	0	n/a	0
316.80419921875	n/a	COUNTDOWN	648815	n/a	LTP558	ltpDelayRepFRReadOnly	0	n/a	n/a	n/a	n/a	0	n/a	0
320.72021484375	n/a	WORD	656835	n/a	LTP558	ltpDelayRepFRReadOnly	0	0	0	ORANGE	135	1	2	0
322.3212890625	n/a	WORD_OFF	660114	n/a	LTP558	ltpDelayRepFRReadOnly	0	0	0	n/a	n/a	0	n/a	0
325.0048828125	n/a	WORD	665610	n/a	LTP558	ltpDelayRepFRReadOnly	0	0	1	COW	111	1	2	0
326.60498046875	n/a	WORD_OFF	668887	n/a	LTP558	ltpDelayRepFRReadOnly	0	0	1	n/a	n/a	0	n/a	0
329.3720703125	n/a	WORD	674554	n/a	LTP558	ltpDelayRepFRReadOnly	0	0	2	COBBLER	83	1	2	0
330.970703125	n/a	WORD_OFF	677828	n/a	LTP558	ltpDelayRepFRReadOnly	0	0	2	n/a	n/a	0	n/a	0
333.85498046875	n/a	WORD	683735	n/a	LTP558	ltpDelayRepFRReadOnly	0	0	3	BUTTERFLY	164	0	2	0
335.45458984375	n/a	WORD_OFF	687011	n/a	LTP558	ltpDelayRepFRReadOnly	0	0	3	n/a	n/a	0	n/a	0
338.45458984375	n/a	WORD	693155	n/a	LTP558	ltpDelayRepFRReadOnly	0	0	4	TELEVISION	86	0	1	0
340.0546875	n/a	WORD_OFF	696432	n/a	LTP558	ltpDelayRepFRReadOnly	0	0	4	n/a	n/a	0	n/a	0
342.8544921875	n/a	WORD	702166	n/a	LTP558	ltpDelayRepFRReadOnly	0	0	5	TONGS	191	1	2	0
344.45458984375	n/a	WORD_OFF	705443	n/a	LTP558	ltpDelayRepFRReadOnly	0	0	5	n/a	n/a	0	n/a	0
346.95458984375	n/a	WORD	710563	n/a	LTP558	ltpDelayRepFRReadOnly	0	0	6	FOUNDATION	57	1	2	0
348.55517578125	n/a	WORD_OFF	713841	n/a	LTP558	ltpDelayRepFRReadOnly	0	0	6	n/a	n/a	0	n/a	0
351.17138671875	n/a	WORD	719199	n/a	LTP558	ltpDelayRepFRReadOnly	0	0	7	ORANGE	135	1	2	1
352.787109375	n/a	WORD_OFF	722508	n/a	LTP558	ltpDelayRepFRReadOnly	0	0	7	n/a	n/a	0	n/a	0
355.3212890625	n/a	WORD	727698	n/a	LTP558	ltpDelayRepFRReadOnly	0	0	8	CRAB	210	0	1	0
356.92041015625	n/a	WORD_OFF	730973	n/a	LTP558	ltpDelayRepFRReadOnly	0	0	8	n/a	n/a	0	n/a	0
359.6533203125	n/a	WORD	736570	n/a	LTP558	ltpDelayRepFRReadOnly	0	0	9	STOVE	4	0	1	0
361.25390625	n/a	WORD_OFF	739848	n/a	LTP558	ltpDelayRepFRReadOnly	0	0	9	n/a	n/a	0	n/a	0
364.2197265625	n/a	WORD	745922	n/a	LTP558	ltpDelayRepFRReadOnly	0	0	10	ELM	257	1	1	0
365.81982421875	n/a	WORD_OFF	749199	n/a	LTP558	ltpDelayRepFRReadOnly	0	0	10	n/a	n/a	0	n/a	0
368.5537109375	n/a	WORD	754798	n/a	LTP558	ltpDelayRepFRReadOnly	0	0	11	COW	111	1	2	1
370.15380859375	n/a	WORD_OFF	758075	n/a	LTP558	ltpDelayRepFRReadOnly	0	0	11	n/a	n/a	0	n/a	0
373.13671875	n/a	WORD	764184	n/a	LTP558	ltpDelayRepFRReadOnly	0	0	12	BUTTERFLY	164	0	2	1
374.73779296875	n/a	WORD_OFF	767463	n/a	LTP558	ltpDelayRepFRReadOnly	0	0	12	n/a	n/a	0	n/a	0
377.4375	n/a	WORD	772992	n/a	LTP558	ltpDelayRepFRReadOnly	0	0	13	COBBLER	83	1	2	1
379.03759765625	n/a	WORD_OFF	776269	n/a	LTP558	ltpDelayRepFRReadOnly	0	0	13	n/a	n/a	0	n/a	0
381.720703125	n/a	WORD	781764	n/a	LTP558	ltpDelayRepFRReadOnly	0	0	14	DOLLHOUSE	246	1	1	0
383.3203125	n/a	WORD_OFF	785040	n/a	LTP558	ltpDelayRepFRReadOnly	0	0	14	n/a	n/a	0	n/a	0
386.30322265625	n/a	WORD	791149	n/a	LTP558	ltpDelayRepFRReadOnly	0	0	15	WINE	24	1	1	0
387.904296875	n/a	WORD_OFF	794428	n/a	LTP558	ltpDelayRepFRReadOnly	0	0	15	n/a	n/a	0	n/a	0
390.5703125	n/a	WORD	799888	n/a	LTP558	ltpDelayRepFRReadOnly	0	0	16	TONGS	191	1	2	1
392.17041015625	n/a	WORD_OFF	803165	n/a	LTP558	ltpDelayRepFRReadOnly	0	0	16	n/a	n/a	0	n/a	0
394.8369140625	n/a	WORD	808626	n/a	LTP558	ltpDelayRepFRReadOnly	0	0	17	FOUNDATION	57	1	2	1
396.43701171875	n/a	WORD_OFF	811903	n/a	LTP558	ltpDelayRepFRReadOnly	0	0	17	n/a	n/a	0	n/a	0
414.25341796875	n/a	REC_START	848391	n/a	LTP558	ltpDelayRepFRReadOnly	0	0	n/a	n/a	n/a	0	n/a	0
415.63134765625	n/a	REC_WORD	851213	n/a	LTP558	ltpDelayRepFRReadOnly	0	0	n/a	ORANGE	135	0	2	1
416.90869140625	n/a	REC_WORD	853829	n/a	LTP558	ltpDelayRepFRReadOnly	0	0	n/a	COW	111	0	2	1
418.28564453125	n/a	REC_WORD	856649	n/a	LTP558	ltpDelayRepFRReadOnly	0	0	n/a	TONGS	191	0	2	1
420.1416015625	n/a	REC_WORD	860450	n/a	LTP558	ltpDelayRepFRReadOnly	0	0	n/a	FOUNDATION	57	0	2	1
421.58349609375	n/a	REC_WORD	863403	n/a	LTP558	ltpDelayRepFRReadOnly	0	0	n/a	COBBLER	83	0	2	1
423.2734375	n/a	REC_WORD	866864	n/a	LTP558	ltpDelayRepFRReadOnly	0	0	n/a	ELM	257	0	1	1
429.01513671875	n/a	REC_WORD	878623	n/a	LTP558	ltpDelayRepFRReadOnly	0	0	n/a	WINE	24	0	1	1
430.51025390625	n/a	REC_WORD	881685	n/a	LTP558	ltpDelayRepFRReadOnly	0	0	n/a	DOLLHOUSE	246	0	1	1
444.77392578125	n/a	REC_END	910897	n/a	LTP558	ltpDelayRepFRReadOnly	0	0	n/a	n/a	n/a	0	n/a	0
465.068359375	n/a	TRIAL_START	952460	n/a	LTP558	ltpDelayRepFRReadOnly	0	n/a	n/a	n/a	n/a	0	n/a	0
475.27001953125	n/a	COUNTDOWN	973353	n/a	LTP558	ltpDelayRepFRReadOnly	0	n/a	n/a	n/a	n/a	0	n/a	0
479.15185546875	n/a	WORD	981303	n/a	LTP558	ltpDelayRepFRReadOnly	0	1	0	MARIGOLD	133	0	1	0
480.751953125	n/a	WORD_OFF	984580	n/a	LTP558	ltpDelayRepFRReadOnly	0	1	0	n/a	n/a	0	n/a	0
483.3515625	n/a	WORD	989904	n/a	LTP558	ltpDelayRepFRReadOnly	0	1	1	SHOVEL	236	1	2	0
484.95166015625	n/a	WORD_OFF	993181	n/a	LTP558	ltpDelayRepFRReadOnly	0	1	1	n/a	n/a	0	n/a	0
487.568359375	n/a	WORD	998540	n/a	LTP558	ltpDelayRepFRReadOnly	0	1	2	PIANO	170	1	2	0
489.16845703125	n/a	WORD_OFF	1001817	n/a	LTP558	ltpDelayRepFRReadOnly	0	1	2	n/a	n/a	0	n/a	0
492.1015625	n/a	WORD	1007824	n/a	LTP558	ltpDelayRepFRReadOnly	0	1	3	LADYBUG	163	1	2	0
493.70166015625	n/a	WORD_OFF	1011101	n/a	LTP558	ltpDelayRepFRReadOnly	0	1	3	n/a	n/a	0	n/a	0
496.6015625	n/a	WORD	1017040	n/a	LTP558	ltpDelayRepFRReadOnly	0	1	4	HAND	42	1	2	0
498.201171875	n/a	WORD_OFF	1020316	n/a	LTP558	ltpDelayRepFRReadOnly	0	1	4	n/a	n/a	0	n/a	0
500.80126953125	n/a	WORD	1025641	n/a	LTP558	ltpDelayRepFRReadOnly	0	1	5	SCANNER	93	1	2	0
502.4013671875	n/a	WORD_OFF	1028918	n/a	LTP558	ltpDelayRepFRReadOnly	0	1	5	n/a	n/a	0	n/a	0
505.083984375	n/a	WORD	1034412	n/a	LTP558	ltpDelayRepFRReadOnly	0	1	6	HILLS	199	1	2	0
506.68408203125	n/a	WORD_OFF	1037689	n/a	LTP558	ltpDelayRepFRReadOnly	0	1	6	n/a	n/a	0	n/a	0
509.5009765625	n/a	WORD	1043458	n/a	LTP558	ltpDelayRepFRReadOnly	0	1	7	SHOVEL	236	1	2	1
511.10107421875	n/a	WORD_OFF	1046735	n/a	LTP558	ltpDelayRepFRReadOnly	0	1	7	n/a	n/a	0	n/a	0
514.05078125	n/a	WORD	1052776	n/a	LTP558	ltpDelayRepFRReadOnly	0	1	8	WINDOW	51	1	1	0
515.65087890625	n/a	WORD_OFF	1056053	n/a	LTP558	ltpDelayRepFRReadOnly	0	1	8	n/a	n/a	0	n/a	0
518.53271484375	n/a	WORD	1061955	n/a	LTP558	ltpDelayRepFRReadOnly	0	1	9	GIRAFFE	305	0	1	0
520.1328125	n/a	WORD_OFF	1065232	n/a	LTP558	ltpDelayRepFRReadOnly	0	1	9	n/a	n/a	0	n/a	0
522.81640625	n/a	WORD	1070728	n/a	LTP558	ltpDelayRepFRReadOnly	0	1	10	LADYBUG	163	1	2	1
524.41650390625	n/a	WORD_OFF	1074005	n/a	LTP558	ltpDelayRepFRReadOnly	0	1	10	n/a	n/a	0	n/a	0
527.0673828125	n/a	WORD	1079434	n/a	LTP558	ltpDelayRepFRReadOnly	0	1	11	PIANO	170	1	2	1
528.66748046875	n/a	WORD_OFF	1082711	n/a	LTP558	ltpDelayRepFRReadOnly	0	1	11	n/a	n/a	0	n/a	0
531.2333984375	n/a	WORD	1087966	n/a	LTP558	ltpDelayRepFRReadOnly	0	1	12	HAND	42	1	2	1
532.83349609375	n/a	WORD_OFF	1091243	n/a	LTP558	ltpDelayRepFRReadOnly	0	1	12	n/a	n/a	0	n/a	0
535.533203125	n/a	WORD	1096772	n/a	LTP558	ltpDelayRepFRReadOnly	0	1	13	WASHER	3	0	1	0
537.13330078125	n/a	WORD_OFF	1100049	n/a	LTP558	ltpDelayRepFRReadOnly	0	1	13	n/a	n/a	0	n/a	0
540.0	n/a	WORD	1105920	n/a	LTP558	ltpDelayRepFRReadOnly	0	1	14	COUCH	148	1	1	0
541.60009765625	n/a	WORD_OFF	1109197	n/a	LTP558	ltpDelayRepFRReadOnly	0	1	14	n/a	n/a	0	n/a	0
544.39892578125	n/a	WORD	1114929	n/a	LTP558	ltpDelayRepFRReadOnly	0	1	15	SCANNER	93	1	2	1
545.9990234375	n/a	WORD_OFF	1118206	n/a	LTP558	ltpDelayRepFRReadOnly	0	1	15	n/a	n/a	0	n/a	0
548.56591796875	n/a	WORD	1123463	n/a	LTP558	ltpDelayRepFRReadOnly	0	1	16	HILLS	199	1	2	1
550.166015625	n/a	WORD_OFF	1126740	n/a	LTP558	ltpDelayRepFRReadOnly	0	1	16	n/a	n/a	0	n/a	0
552.78271484375	n/a	WORD	1132099	n/a	LTP558	ltpDelayRepFRReadOnly	0	1	17	TURTLE	215	0	1	0
554.3828125	n/a	WORD_OFF	1135376	n/a	LTP558	ltpDelayRepFRReadOnly	0	1	17	n/a	n/a	0	n/a	0
572.04931640625	n/a	REC_START	1171557	n/a	LTP558	ltpDelayRepFRReadOnly	0	1	n/a	n/a	n/a	0	n/a	0
573.2353515625	n/a	REC_WORD	1173986	n/a	LTP558	ltpDelayRepFRReadOnly	0	1	n/a	HAND	42	0	2	1
574.7373046875	n/a	REC_WORD	1177062	n/a	LTP558	ltpDelayRepFRReadOnly	0	1	n/a	LADYBUG	163	0	2	1
576.5419921875	n/a	REC_WORD	1180758	n/a	LTP558	ltpDelayRepFRReadOnly	0	1	n/a	SHOVEL	236	0	2	1
578.25927734375	n/a	REC_WORD	1184275	n/a	LTP558	ltpDelayRepFRReadOnly	0	1	n/a	SCANNER	93	0	2	1
579.71826171875	n/a	REC_WORD	1187263	n/a	LTP558	ltpDelayRepFRReadOnly	0	1	n/a	PIANO	170	0	2	1
583.9130859375	n/a	REC_WORD	1195854	n/a	LTP558	ltpDelayRepFRReadOnly	0	1	n/a	COUCH	148	0	1	1
585.7919921875	n/a	REC_WORD	1199702	n/a	LTP558	ltpDelayRepFRReadOnly	0	1	n/a	HILLS	199	0	2	1
593.39990234375	n/a	REC_WORD	1215283	n/a	LTP558	ltpDelayRepFRReadOnly	0	1	n/a	DIGGER	-1	0	n/a	0
594.7646484375	n/a	REC_WORD	1218078	n/a	LTP558	ltpDelayRepFRReadOnly	0	1	n/a	WINDOW	51	0	1	1
602.5546875	n/a	REC_END	1234032	n/a	LTP558	ltpDelayRepFRReadOnly	0	1	n/a	n/a	n/a	0	n/a	0
602.5546875	n/a	TRIAL_START	1234032	n/a	LTP558	ltpDelayRepFRReadOnly	0	n/a	n/a	n/a	n/a	0	n/a	0
617.0478515625	n/a	COUNTDOWN	1263714	n/a	LTP558	ltpDelayRepFRReadOnly	0	n/a	n/a	n/a	n/a	0	n/a	0
620.9638671875	n/a	WORD	1271734	n/a	LTP558	ltpDelayRepFRReadOnly	0	2	0	HICKORY	263	1	2	0
622.5810546875	n/a	WORD_OFF	1275046	n/a	LTP558	ltpDelayRepFRReadOnly	0	2	0	n/a	n/a	0	n/a	0
625.431640625	n/a	WORD	1280884	n/a	LTP558	ltpDelayRepFRReadOnly	0	2	1	MOTORCYCLE	283	1	1	0
627.03173828125	n/a	WORD_OFF	1284161	n/a	LTP558	ltpDelayRepFRReadOnly	0	2	1	n/a	n/a	0	n/a	0
629.96484375	n/a	WORD	1290168	n/a	LTP558	ltpDelayRepFRReadOnly	0	2	2	OCTOPUS	217	0	1	0
631.564453125	n/a	WORD_OFF	1293444	n/a	LTP558	ltpDelayRepFRReadOnly	0	2	2	n/a	n/a	0	n/a	0
634.46435546875	n/a	WORD	1299383	n/a	LTP558	ltpDelayRepFRReadOnly	0	2	3	PAPER	220	0	1	0
636.064453125	n/a	WORD_OFF	1302660	n/a	LTP558	ltpDelayRepFRReadOnly	0	2	3	n/a	n/a	0	n/a	0
638.91455078125	n/a	WORD	1308497	n/a	LTP558	ltpDelayRepFRReadOnly	0	2	4	FOOTBALL	250	1	1	0
640.5146484375	n/a	WORD_OFF	1311774	n/a	LTP558	ltpDelayRepFRReadOnly	0	2	4	n/a	n/a	0	n/a	0
643.26416015625	n/a	WORD	1317405	n/a	LTP558	ltpDelayRepFRReadOnly	0	2	5	LAKE	198	1	2	0
644.8642578125	n/a	WORD_OFF	1320682	n/a	LTP558	ltpDelayRepFRReadOnly	0	2	5	n/a	n/a	0	n/a	0
647.78125	n/a	WORD	1326656	n/a	LTP558	ltpDelayRepFRReadOnly	0	2	6	CROWBAR	240	0	2	0
649.38134765625	n/a	WORD_OFF	1329933	n/a	LTP558	ltpDelayRepFRReadOnly	0	2	6	n/a	n/a	0	n/a	0
651.9482421875	n/a	WORD	1335190	n/a	LTP558	ltpDelayRepFRReadOnly	0	2	7	COLA	14	1	2	0
653.5478515625	n/a	WORD_OFF	1338466	n/a	LTP558	ltpDelayRepFRReadOnly	0	2	7	n/a	n/a	0	n/a	0
656.06396484375	n/a	WORD	1343619	n/a	LTP558	ltpDelayRepFRReadOnly	0	2	8	CHICKEN	112	1	2	0
657.6640625	n/a	WORD_OFF	1346896	n/a	LTP558	ltpDelayRepFRReadOnly	0	2	8	n/a	n/a	0	n/a	0
660.64794921875	n/a	WORD	1353007	n/a	LTP558	ltpDelayRepFRReadOnly	0	2	9	HALLWAY	58	1	1	0
662.24658203125	n/a	WORD_OFF	1356281	n/a	LTP558	ltpDelayRepFRReadOnly	0	2	9	n/a	n/a	0	n/a	0
664.81396484375	n/a	WORD	1361539	n/a	LTP558	ltpDelayRepFRReadOnly	0	2	10	LEATHER	105	1	2	0
666.41455078125	n/a	WORD_OFF	1364817	n/a	LTP558	ltpDelayRepFRReadOnly	0	2	10	n/a	n/a	0	n/a	0
669.3974609375	n/a	WORD	1370926	n/a	LTP558	ltpDelayRepFRReadOnly	0	2	11	BED	146	1	1	0
671.013671875	n/a	WORD_OFF	1374236	n/a	LTP558	ltpDelayRepFRReadOnly	0	2	11	n/a	n/a	0	n/a	0
673.6474609375	n/a	WORD	1379630	n/a	LTP558	ltpDelayRepFRReadOnly	0	2	12	HICKORY	263	1	2	1
675.24755859375	n/a	WORD_OFF	1382907	n/a	LTP558	ltpDelayRepFRReadOnly	0	2	12	n/a	n/a	0	n/a	0
677.84716796875	n/a	WORD	1388231	n/a	LTP558	ltpDelayRepFRReadOnly	0	2	13	LAKE	198	1	2	1
679.46337890625	n/a	WORD_OFF	1391541	n/a	LTP558	ltpDelayRepFRReadOnly	0	2	13	n/a	n/a	0	n/a	0
682.197265625	n/a	WORD	1397140	n/a	LTP558	ltpDelayRepFRReadOnly	0	2	14	CROWBAR	240	0	2	1
683.79638671875	n/a	WORD_OFF	1400415	n/a	LTP558	ltpDelayRepFRReadOnly	0	2	14	n/a	n/a	0	n/a	0
686.34716796875	n/a	WORD	1405639	n/a	LTP558	ltpDelayRepFRReadOnly	0	2	15	COLA	14	1	2	1
687.947265625	n/a	WORD_OFF	1408916	n/a	LTP558	ltpDelayRepFRReadOnly	0	2	15	n/a	n/a	0	n/a	0
690.51318359375	n/a	WORD	1414171	n/a	LTP558	ltpDelayRepFRReadOnly	0	2	16	CHICKEN	112	1	2	1
692.11279296875	n/a	WORD_OFF	1417447	n/a	LTP558	ltpDelayRepFRReadOnly	0	2	16	n/a	n/a	0	n/a	0
695.06298828125	n/a	WORD	1423489	n/a	LTP558	ltpDelayRepFRReadOnly	0	2	17	LEATHER	105	1	2	1
696.6630859375	n/a	WORD_OFF	1426766	n/a	LTP558	ltpDelayRepFRReadOnly	0	2	17	n/a	n/a	0	n/a	0
714.41357421875	n/a	REC_START	1463119	n/a	LTP558	ltpDelayRepFRReadOnly	0	2	n/a	n/a	n/a	0	n/a	0
715.15625	n/a	REC_WORD	1464640	n/a	LTP558	ltpDelayRepFRReadOnly	0	2	n/a	BED	146	0	1	1
716.72021484375	n/a	REC_WORD	1467843	n/a	LTP558	ltpDelayRepFRReadOnly	0	2	n/a	HALLWAY	58	0	1	1
718.47119140625	n/a	REC_WORD	1471429	n/a	LTP558	ltpDelayRepFRReadOnly	0	2	n/a	LAKE	198	0	2	1
719.8212890625	n/a	REC_WORD	1474194	n/a	LTP558	ltpDelayRepFRReadOnly	0	2	n/a	HICKORY	263	0	2	1
721.5654296875	n/a	REC_WORD	1477766	n/a	LTP558	ltpDelayRepFRReadOnly	0	2	n/a	COLA	14	0	2	1
726.26123046875	n/a	REC_WORD	1487383	n/a	LTP558	ltpDelayRepFRReadOnly	0	2	n/a	LEATHER	105	0	2	1
729.39697265625	n/a	REC_WORD	1493805	n/a	LTP558	ltpDelayRepFRReadOnly	0	2	n/a	MOTORCYCLE	283	0	1	1
732.47900390625	n/a	REC_WORD	1500117	n/a	LTP558	ltpDelayRepFRReadOnly	0	2	n/a	CHICKEN	112	0	2	1
739.0947265625	n/a	REC_WORD	1513666	n/a	LTP558	ltpDelayRepFRReadOnly	0	2	n/a	FOOTBALL	250	0	1	1
744.91748046875	n/a	REC_END	1525591	n/a	LTP558	ltpDelayRepFRReadOnly	0	2	n/a	n/a	n/a	0	n/a	0
744.91748046875	n/a	TRIAL_START	1525591	n/a	LTP558	ltpDelayRepFRReadOnly	0	n/a	n/a	n/a	n/a	0	n/a	0
754.978515625	n/a	COUNTDOWN	1546196	n/a	LTP558	ltpDelayRepFRReadOnly	0	n/a	n/a	n/a	n/a	0	n/a	0
759.0283203125	n/a	WORD	1554490	n/a	LTP558	ltpDelayRepFRReadOnly	0	3	0	CORN	273	1	2	0
760.626953125	n/a	WORD_OFF	1557764	n/a	LTP558	ltpDelayRepFRReadOnly	0	3	0	n/a	n/a	0	n/a	0
763.39501953125	n/a	WORD	1563433	n/a	LTP558	ltpDelayRepFRReadOnly	0	3	1	TOE	47	1	2	0
764.994140625	n/a	WORD_OFF	1566708	n/a	LTP558	ltpDelayRepFRReadOnly	0	3	1	n/a	n/a	0	n/a	0
767.81201171875	n/a	WORD	1572479	n/a	LTP558	ltpDelayRepFRReadOnly	0	3	2	BEETLE	162	1	2	0
769.41064453125	n/a	WORD_OFF	1575753	n/a	LTP558	ltpDelayRepFRReadOnly	0	3	2	n/a	n/a	0	n/a	0
772.41162109375	n/a	WORD	1581899	n/a	LTP558	ltpDelayRepFRReadOnly	0	3	3	GORILLA	309	1	1	0
774.0107421875	n/a	WORD_OFF	1585174	n/a	LTP558	ltpDelayRepFRReadOnly	0	3	3	n/a	n/a	0	n/a	0
776.57666015625	n/a	WORD	1590429	n/a	LTP558	ltpDelayRepFRReadOnly	0	3	4	SOFA	150	1	2	0
778.177734375	n/a	WORD_OFF	1593708	n/a	LTP558	ltpDelayRepFRReadOnly	0	3	4	n/a	n/a	0	n/a	0
780.91162109375	n/a	WORD	1599307	n/a	LTP558	ltpDelayRepFRReadOnly	0	3	5	EVERGREEN	258	1	1	0
782.51171875	n/a	WORD_OFF	1602584	n/a	LTP558	ltpDelayRepFRReadOnly	0	3	5	n/a	n/a	0	n/a	0
785.37744140625	n/a	WORD	1608453	n/a	LTP558	ltpDelayRepFRReadOnly	0	3	6	PEN	218	0	1	0
786.9765625	n/a	WORD_OFF	1611728	n/a	LTP558	ltpDelayRepFRReadOnly	0	3	6	n/a	n/a	0	n/a	0
789.5615234375	n/a	WORD	1617022	n/a	LTP558	ltpDelayRepFRReadOnly	0	3	7	HORSE	116	1	2	0
791.16015625	n/a	WORD_OFF	1620296	n/a	LTP558	ltpDelayRepFRReadOnly	0	3	7	n/a	n/a	0	n/a	0
794.06103515625	n/a	WORD	1626237	n/a	LTP558	ltpDelayRepFRReadOnly	0	3	8	BLOUSE	70	1	2	0
795.6611328125	n/a	WORD_OFF	1629514	n/a	LTP558	ltpDelayRepFRReadOnly	0	3	8	n/a	n/a	0	n/a	0
798.17626953125	n/a	WORD	1634665	n/a	LTP558	ltpDelayRepFRReadOnly	0	3	9	ROBIN	28	1	1	0
799.77685546875	n/a	WORD_OFF	1637943	n/a	LTP558	ltpDelayRepFRReadOnly	0	3	9	n/a	n/a	0	n/a	0
802.4111328125	n/a	WORD	1643338	n/a	LTP558	ltpDelayRepFRReadOnly	0	3	10	TOE	47	1	2	1
804.0107421875	n/a	WORD_OFF	1646614	n/a	LTP558	ltpDelayRepFRReadOnly	0	3	10	n/a	n/a	0	n/a	0
806.89306640625	n/a	WORD	1652517	n/a	LTP558	ltpDelayRepFRReadOnly	0	3	11	CORN	273	1	2	1
808.49365234375	n/a	WORD_OFF	1655795	n/a	LTP558	ltpDelayRepFRReadOnly	0	3	11	n/a	n/a	0	n/a	0
811.126953125	n/a	WORD	1661188	n/a	LTP558	ltpDelayRepFRReadOnly	0	3	12	BEETLE	162	1	2	1
812.7265625	n/a	WORD_OFF	1664464	n/a	LTP558	ltpDelayRepFRReadOnly	0	3	12	n/a	n/a	0	n/a	0
815.59375	n/a	WORD	1670336	n/a	LTP558	ltpDelayRepFRReadOnly	0	3	13	SOFA	150	1	2	1
817.1923828125	n/a	WORD_OFF	1673610	n/a	LTP558	ltpDelayRepFRReadOnly	0	3	13	n/a	n/a	0	n/a	0
819.6923828125	n/a	WORD	1678730	n/a	LTP558	ltpDelayRepFRReadOnly	0	3	14	SANDER	238	0	1	0
821.29345703125	n/a	WORD_OFF	1682009	n/a	LTP558	ltpDelayRepFRReadOnly	0	3	14	n/a	n/a	0	n/a	0
823.84326171875	n/a	WORD	1687231	n/a	LTP558	ltpDelayRepFRReadOnly	0	3	15	HORSE	116	1	2	1
825.4423828125	n/a	WORD_OFF	1690506	n/a	LTP558	ltpDelayRepFRReadOnly	0	3	15	n/a	n/a	0	n/a	0
828.41015625	n/a	WORD	1696584	n/a	LTP558	ltpDelayRepFRReadOnly	0	3	16	BLOUSE	70	1	2	1
830.01025390625	n/a	WORD_OFF	1699861	n/a	LTP558	ltpDelayRepFRReadOnly	0	3	16	n/a	n/a	0	n/a	0
832.6103515625	n/a	WORD	1705186	n/a	LTP558	ltpDelayRepFRReadOnly	0	3	17	STRAWBERRY	137	1	1	0
834.2099609375	n/a	WORD_OFF	1708462	n/a	LTP558	ltpDelayRepFRReadOnly	0	3	17	n/a	n/a	0	n/a	0
851.90966796875	n/a	REC_START	1744711	n/a	LTP558	ltpDelayRepFRReadOnly	0	3	n/a	n/a	n/a	0	n/a	0
852.70751953125	n/a	REC_WORD	1746345	n/a	LTP558	ltpDelayRepFRReadOnly	0	3	n/a	SOFA	150	0	2	1
854.09375	n/a	REC_WORD	1749184	n/a	LTP558	ltpDelayRepFRReadOnly	0	3	n/a	GORILLA	309	0	1	1
855.5263671875	n/a	REC_WORD	1752118	n/a	LTP558	ltpDelayRepFRReadOnly	0	3	n/a	TOE	47	0	2	1
856.79052734375	n/a	REC_WORD	1754707	n/a	LTP558	ltpDelayRepFRReadOnly	0	3	n/a	CORN	273	0	2	1
857.88134765625	n/a	REC_WORD	1756941	n/a	LTP558	ltpDelayRepFRReadOnly	0	3	n/a	BEETLE	162	0	2	1
859.07861328125	n/a	REC_WORD	1759393	n/a	LTP558	ltpDelayRepFRReadOnly	0	3	n/a	ROBIN	28	0	1	1
861.17431640625	n/a	REC_WORD	1763685	n/a	LTP558	ltpDelayRepFRReadOnly	0	3	n/a	DIGGER	-1	0	n/a	0
862.42333984375	n/a	REC_WORD	1766243	n/a	LTP558	ltpDelayRepFRReadOnly	0	3	n/a	STRAWBERRY	137	0	1	1
863.9111328125	n/a	REC_WORD	1769290	n/a	LTP558	ltpDelayRepFRReadOnly	0	3	n/a	HORSE	116	0	2	1
865.26123046875	n/a	REC_WORD	1772055	n/a	LTP558	ltpDelayRepFRReadOnly	0	3	n/a	BLOUSE	70	0	2	1
872.123046875	n/a	REC_WORD	1786108	n/a	LTP558	ltpDelayRepFRReadOnly	0	3	n/a	EVERGREEN	258	0	1	1
882.41357421875	n/a	TRIAL_START	1807183	n/a	LTP558	ltpDelayRepFRReadOnly	0	n/a	n/a	n/a	n/a	0	n/a	0
882.41357421875	n/a	REC_END	1807183	n/a	LTP558	ltpDelayRepFRReadOnly	0	3	n/a	n/a	n/a	0	n/a	0
892.69140625	n/a	COUNTDOWN	1828232	n/a	LTP558	ltpDelayRepFRReadOnly	0	n/a	n/a	n/a	n/a	0	n/a	0
896.69140625	n/a	WORD	1836424	n/a	LTP558	ltpDelayRepFRReadOnly	0	4	0	LIME	145	1	1	0
898.29150390625	n/a	WORD_OFF	1839701	n/a	LTP558	ltpDelayRepFRReadOnly	0	4	0	n/a	n/a	0	n/a	0
900.97509765625	n/a	WORD	1845197	n/a	LTP558	ltpDelayRepFRReadOnly	0	4	1	LILAC	132	0	2	0
902.5751953125	n/a	WORD_OFF	1848474	n/a	LTP558	ltpDelayRepFRReadOnly	0	4	1	n/a	n/a	0	n/a	0
905.55810546875	n/a	WORD	1854583	n/a	LTP558	ltpDelayRepFRReadOnly	0	4	2	SEAGULL	34	1	2	0
907.158203125	n/a	WORD_OFF	1857860	n/a	LTP558	ltpDelayRepFRReadOnly	0	4	2	n/a	n/a	0	n/a	0
909.7080078125	n/a	WORD	1863082	n/a	LTP558	ltpDelayRepFRReadOnly	0	4	3	LIGHTNING	297	0	1	0
911.30810546875	n/a	WORD_OFF	1866359	n/a	LTP558	ltpDelayRepFRReadOnly	0	4	3	n/a	n/a	0	n/a	0
913.9580078125	n/a	WORD	1871786	n/a	LTP558	ltpDelayRepFRReadOnly	0	4	4	LION	304	1	2	0
915.55810546875	n/a	WORD_OFF	1875063	n/a	LTP558	ltpDelayRepFRReadOnly	0	4	4	n/a	n/a	0	n/a	0
918.390625	n/a	WORD	1880864	n/a	LTP558	ltpDelayRepFRReadOnly	0	4	5	PRINTER	92	1	2	0
920.0078125	n/a	WORD_OFF	1884176	n/a	LTP558	ltpDelayRepFRReadOnly	0	4	5	n/a	n/a	0	n/a	0
922.87451171875	n/a	WORD	1890047	n/a	LTP558	ltpDelayRepFRReadOnly	0	4	6	ONION	276	1	2	0
924.474609375	n/a	WORD_OFF	1893324	n/a	LTP558	ltpDelayRepFRReadOnly	0	4	6	n/a	n/a	0	n/a	0
927.357421875	n/a	WORD	1899228	n/a	LTP558	ltpDelayRepFRReadOnly	0	4	7	KNEE	49	0	1	0
928.95751953125	n/a	WORD_OFF	1902505	n/a	LTP558	ltpDelayRepFRReadOnly	0	4	7	n/a	n/a	0	n/a	0
931.50732421875	n/a	WORD	1907727	n/a	LTP558	ltpDelayRepFRReadOnly	0	4	8	COAT	71	1	2	0
933.107421875	n/a	WORD_OFF	1911004	n/a	LTP558	ltpDelayRepFRReadOnly	0	4	8	n/a	n/a	0	n/a	0
935.6572265625	n/a	WORD	1916226	n/a	LTP558	ltpDelayRepFRReadOnly	0	4	9	LILAC	132	0	2	1
937.25732421875	n/a	WORD_OFF	1919503	n/a	LTP558	ltpDelayRepFRReadOnly	0	4	9	n/a	n/a	0	n/a	0
940.09130859375	n/a	WORD	1925307	n/a	LTP558	ltpDelayRepFRReadOnly	0	4	10	DRYER	8	0	1	0
941.69140625	n/a	WORD_OFF	1928584	n/a	LTP558	ltpDelayRepFRReadOnly	0	4	10	n/a	n/a	0	n/a	0
944.35693359375	n/a	WORD	1934043	n/a	LTP558	ltpDelayRepFRReadOnly	0	4	11	LION	304	1	2	1
945.95703125	n/a	WORD_OFF	1937320	n/a	LTP558	ltpDelayRepFRReadOnly	0	4	11	n/a	n/a	0	n/a	0
948.73974609375	n/a	WORD	1943019	n/a	LTP558	ltpDelayRepFRReadOnly	0	4	12	SEAGULL	34	1	2	1
950.3388671875	n/a	WORD_OFF	1946294	n/a	LTP558	ltpDelayRepFRReadOnly	0	4	12	n/a	n/a	0	n/a	0
953.18994140625	n/a	WORD	1952133	n/a	LTP558	ltpDelayRepFRReadOnly	0	4	13	CORKSCREW	193	0	1	0
954.7900390625	n/a	WORD_OFF	1955410	n/a	LTP558	ltpDelayRepFRReadOnly	0	4	13	n/a	n/a	0	n/a	0
957.60595703125	n/a	WORD	1961177	n/a	LTP558	ltpDelayRepFRReadOnly	0	4	14	PRINTER	92	1	2	1
959.20556640625	n/a	WORD_OFF	1964453	n/a	LTP558	ltpDelayRepFRReadOnly	0	4	14	n/a	n/a	0	n/a	0
961.95654296875	n/a	WORD	1970087	n/a	LTP558	ltpDelayRepFRReadOnly	0	4	15	COAT	71	1	2	1
963.556640625	n/a	WORD_OFF	1973364	n/a	LTP558	ltpDelayRepFRReadOnly	0	4	15	n/a	n/a	0	n/a	0
966.4404296875	n/a	WORD	1979270	n/a	LTP558	ltpDelayRepFRReadOnly	0	4	16	BROWNIES	76	1	1	0
968.03955078125	n/a	WORD_OFF	1982545	n/a	LTP558	ltpDelayRepFRReadOnly	0	4	16	n/a	n/a	0	n/a	0
970.8564453125	n/a	WORD	1988314	n/a	LTP558	ltpDelayRepFRReadOnly	0	4	17	ONION	276	1	2	1
972.45654296875	n/a	WORD_OFF	1991591	n/a	LTP558	ltpDelayRepFRReadOnly	0	4	17	n/a	n/a	0	n/a	0
990.32470703125	n/a	REC_START	2028185	n/a	LTP558	ltpDelayRepFRReadOnly	0	4	n/a	n/a	n/a	0	n/a	0
991.392578125	n/a	REC_WORD	2030372	n/a	LTP558	ltpDelayRepFRReadOnly	0	4	n/a	PRINTER	92	0	2	1
992.70458984375	n/a	REC_WORD	2033059	n/a	LTP558	ltpDelayRepFRReadOnly	0	4	n/a	LIME	145	0	1	1
994.3466796875	n/a	REC_WORD	2036422	n/a	LTP558	ltpDelayRepFRReadOnly	0	4	n/a	ONION	276	0	2	1
995.70947265625	n/a	REC_WORD	2039213	n/a	LTP558	ltpDelayRepFRReadOnly	0	4	n/a	COAT	71	0	2	1
1001.2265625	n/a	REC_WORD	2050512	n/a	LTP558	ltpDelayRepFRReadOnly	0	4	n/a	LION	304	0	2	1
1003.853515625	n/a	REC_WORD	2055892	n/a	LTP558	ltpDelayRepFRReadOnly	0	4	n/a	SEAGULL	34	0	2	1
1005.95458984375	n/a	REC_WORD	2060195	n/a	LTP558	ltpDelayRepFRReadOnly	0	4	n/a	BROWNIES	76	0	1	1
1020.8271484375	n/a	REC_END	2090654	n/a	LTP558	ltpDelayRepFRReadOnly	0	4	n/a	n/a	n/a	0	n/a	0
1020.8271484375	n/a	TRIAL_START	2090654	n/a	LTP558	ltpDelayRepFRReadOnly	0	n/a	n/a	n/a	n/a	0	n/a	0
1031.35595703125	n/a	COUNTDOWN	2112217	n/a	LTP558	ltpDelayRepFRReadOnly	0	n/a	n/a	n/a	n/a	0	n/a	0
1035.40576171875	n/a	WORD	2120511	n/a	LTP558	ltpDelayRepFRReadOnly	0	5	0	TEA	20	1	1	0
1037.00537109375	n/a	WORD_OFF	2123787	n/a	LTP558	ltpDelayRepFRReadOnly	0	5	0	n/a	n/a	0	n/a	0
1039.67236328125	n/a	WORD	2129249	n/a	LTP558	ltpDelayRepFRReadOnly	0	5	1	CABINET	157	1	2	0
1041.271484375	n/a	WORD_OFF	2132524	n/a	LTP558	ltpDelayRepFRReadOnly	0	5	1	n/a	n/a	0	n/a	0
1044.25537109375	n/a	WORD	2138635	n/a	LTP558	ltpDelayRepFRReadOnly	0	5	2	VIOLIN	173	1	2	0
1045.8544921875	n/a	WORD_OFF	2141910	n/a	LTP558	ltpDelayRepFRReadOnly	0	5	2	n/a	n/a	0	n/a	0
1048.50537109375	n/a	WORD	2147339	n/a	LTP558	ltpDelayRepFRReadOnly	0	5	3	CREEK	203	1	2	0
1050.1220703125	n/a	WORD_OFF	2150650	n/a	LTP558	ltpDelayRepFRReadOnly	0	5	3	n/a	n/a	0	n/a	0
1052.63818359375	n/a	WORD	2155803	n/a	LTP558	ltpDelayRepFRReadOnly	0	5	4	HUMIDITY	292	0	2	0
1054.23828125	n/a	WORD_OFF	2159080	n/a	LTP558	ltpDelayRepFRReadOnly	0	5	4	n/a	n/a	0	n/a	0
1056.7880859375	n/a	WORD	2164302	n/a	LTP558	ltpDelayRepFRReadOnly	0	5	5	SKIRT	66	0	2	0
1058.38818359375	n/a	WORD_OFF	2167579	n/a	LTP558	ltpDelayRepFRReadOnly	0	5	5	n/a	n/a	0	n/a	0
1061.27099609375	n/a	WORD	2173483	n/a	LTP558	ltpDelayRepFRReadOnly	0	5	6	CHEETAH	312	1	2	0
1062.87109375	n/a	WORD_OFF	2176760	n/a	LTP558	ltpDelayRepFRReadOnly	0	5	6	n/a	n/a	0	n/a	0
1065.470703125	n/a	WORD	2182084	n/a	LTP558	ltpDelayRepFRReadOnly	0	5	7	DOOR	52	1	1	0
1067.07080078125	n/a	WORD_OFF	2185361	n/a	LTP558	ltpDelayRepFRReadOnly	0	5	7	n/a	n/a	0	n/a	0
1070.0048828125	n/a	WORD	2191370	n/a	LTP558	ltpDelayRepFRReadOnly	0	5	8	CABINET	157	1	2	1
1071.6044921875	n/a	WORD_OFF	2194646	n/a	LTP558	ltpDelayRepFRReadOnly	0	5	8	n/a	n/a	0	n/a	0
1074.220703125	n/a	WORD	2200004	n/a	LTP558	ltpDelayRepFRReadOnly	0	5	9	CYPRESS	265	0	1	0
1075.83740234375	n/a	WORD_OFF	2203315	n/a	LTP558	ltpDelayRepFRReadOnly	0	5	9	n/a	n/a	0	n/a	0
1078.47021484375	n/a	WORD	2208707	n/a	LTP558	ltpDelayRepFRReadOnly	0	5	10	VIOLIN	173	1	2	1
1080.0703125	n/a	WORD_OFF	2211984	n/a	LTP558	ltpDelayRepFRReadOnly	0	5	10	n/a	n/a	0	n/a	0
1082.63720703125	n/a	WORD	2217241	n/a	LTP558	ltpDelayRepFRReadOnly	0	5	11	CREEK	203	1	2	1
1084.236328125	n/a	WORD_OFF	2220516	n/a	LTP558	ltpDelayRepFRReadOnly	0	5	11	n/a	n/a	0	n/a	0
1087.00439453125	n/a	WORD	2226185	n/a	LTP558	ltpDelayRepFRReadOnly	0	5	12	FORK	185	1	1	0
1088.60400390625	n/a	WORD_OFF	2229461	n/a	LTP558	ltpDelayRepFRReadOnly	0	5	12	n/a	n/a	0	n/a	0
1091.55419921875	n/a	WORD	2235503	n/a	LTP558	ltpDelayRepFRReadOnly	0	5	13	BLUEBERRY	141	1	1	0
1093.15380859375	n/a	WORD_OFF	2238779	n/a	LTP558	ltpDelayRepFRReadOnly	0	5	13	n/a	n/a	0	n/a	0
1096.037109375	n/a	WORD	2244684	n/a	LTP558	ltpDelayRepFRReadOnly	0	5	14	VELVET	108	0	1	0
1097.63671875	n/a	WORD_OFF	2247960	n/a	LTP558	ltpDelayRepFRReadOnly	0	5	14	n/a	n/a	0	n/a	0
1100.3037109375	n/a	WORD	2253422	n/a	LTP558	ltpDelayRepFRReadOnly	0	5	15	HUMIDITY	292	0	2	1
1101.90380859375	n/a	WORD_OFF	2256699	n/a	LTP558	ltpDelayRepFRReadOnly	0	5	15	n/a	n/a	0	n/a	0
1104.4697265625	n/a	WORD	2261954	n/a	LTP558	ltpDelayRepFRReadOnly	0	5	16	SKIRT	66	0	2	1
1106.06982421875	n/a	WORD_OFF	2265231	n/a	LTP558	ltpDelayRepFRReadOnly	0	5	16	n/a	n/a	0	n/a	0
1108.95361328125	n/a	WORD	2271137	n/a	LTP558	ltpDelayRepFRReadOnly	0	5	17	CHEETAH	312	1	2	1
1110.5537109375	n/a	WORD_OFF	2274414	n/a	LTP558	ltpDelayRepFRReadOnly	0	5	17	n/a	n/a	0	n/a	0
1128.30322265625	n/a	REC_START	2310765	n/a	LTP558	ltpDelayRepFRReadOnly	0	5	n/a	n/a	n/a	0	n/a	0
1129.38916015625	n/a	REC_WORD	2312989	n/a	LTP558	ltpDelayRepFRReadOnly	0	5	n/a	CHEETAH	312	0	2	1
1130.73193359375	n/a	REC_WORD	2315739	n/a	LTP558	ltpDelayRepFRReadOnly	0	5	n/a	DOOR	52	0	1	1
1133.14892578125	n/a	REC_WORD	2320689	n/a	LTP558	ltpDelayRepFRReadOnly	0	5	n/a	TEA	20	0	1	1
1134.3310546875	n/a	REC_WORD	2323110	n/a	LTP558	ltpDelayRepFRReadOnly	0	5	n/a	CABINET	157	0	2	1
1135.8056640625	n/a	REC_WORD	2326130	n/a	LTP558	ltpDelayRepFRReadOnly	0	5	n/a	BLUEBERRY	141	0	1	1
1138.2666015625	n/a	REC_WORD	2331170	n/a	LTP558	ltpDelayRepFRReadOnly	0	5	n/a	FORK	185	0	1	1
1139.49560546875	n/a	REC_WORD	2333687	n/a	LTP558	ltpDelayRepFRReadOnly	0	5	n/a	CREEK	203	0	2	1
1141.1826171875	n/a	REC_WORD	2337142	n/a	LTP558	ltpDelayRepFRReadOnly	0	5	n/a	VIOLIN	173	0	2	1
1158.80615234375	n/a	TRIAL_START	2373235	n/a	LTP558	ltpDelayRepFRReadOnly	0	n/a	n/a	n/a	n/a	0	n/a	0
1158.80615234375	n/a	REC_END	2373235	n/a	LTP558	ltpDelayRepFRReadOnly	0	5	n/a	n/a	n/a	0	n/a	0
1167.85205078125	n/a	COUNTDOWN	2391761	n/a	LTP558	ltpDelayRepFRReadOnly	0	n/a	n/a	n/a	n/a	0	n/a	0
1171.8017578125	n/a	WORD	2399850	n/a	LTP558	ltpDelayRepFRReadOnly	0	6	0	PEACH	139	0	1	0
1173.40185546875	n/a	WORD_OFF	2403127	n/a	LTP558	ltpDelayRepFRReadOnly	0	6	0	n/a	n/a	0	n/a	0
1176.03466796875	n/a	WORD	2408519	n/a	LTP558	ltpDelayRepFRReadOnly	0	6	1	REFRIGERATOR	2	1	2	0
1177.65185546875	n/a	WORD_OFF	2411831	n/a	LTP558	ltpDelayRepFRReadOnly	0	6	1	n/a	n/a	0	n/a	0
1180.33447265625	n/a	WORD	2417325	n/a	LTP558	ltpDelayRepFRReadOnly	0	6	2	BINDER	224	0	1	0
1181.9345703125	n/a	WORD_OFF	2420602	n/a	LTP558	ltpDelayRepFRReadOnly	0	6	2	n/a	n/a	0	n/a	0
1184.8017578125	n/a	WORD	2426474	n/a	LTP558	ltpDelayRepFRReadOnly	0	6	3	RUM	25	1	2	0
1186.4013671875	n/a	WORD_OFF	2429750	n/a	LTP558	ltpDelayRepFRReadOnly	0	6	3	n/a	n/a	0	n/a	0
1189.20263671875	n/a	WORD	2435487	n/a	LTP558	ltpDelayRepFRReadOnly	0	6	4	CAKE	74	1	2	0
1190.80126953125	n/a	WORD_OFF	2438761	n/a	LTP558	ltpDelayRepFRReadOnly	0	6	4	n/a	n/a	0	n/a	0
1193.35107421875	n/a	WORD	2443983	n/a	LTP558	ltpDelayRepFRReadOnly	0	6	5	SHRIMP	208	1	2	0
1194.951171875	n/a	WORD_OFF	2447260	n/a	LTP558	ltpDelayRepFRReadOnly	0	6	5	n/a	n/a	0	n/a	0
1197.51806640625	n/a	WORD	2452517	n/a	LTP558	ltpDelayRepFRReadOnly	0	6	6	PEAS	270	1	1	0
1199.1181640625	n/a	WORD_OFF	2455794	n/a	LTP558	ltpDelayRepFRReadOnly	0	6	6	n/a	n/a	0	n/a	0
1201.98486328125	n/a	WORD	2461665	n/a	LTP558	ltpDelayRepFRReadOnly	0	6	7	BEAR	310	1	2	0
1203.583984375	n/a	WORD_OFF	2464940	n/a	LTP558	ltpDelayRepFRReadOnly	0	6	7	n/a	n/a	0	n/a	0
1206.43408203125	n/a	WORD	2470777	n/a	LTP558	ltpDelayRepFRReadOnly	0	6	8	DOVE	32	1	2	0
1208.03369140625	n/a	WORD_OFF	2474053	n/a	LTP558	ltpDelayRepFRReadOnly	0	6	8	n/a	n/a	0	n/a	0
1210.56787109375	n/a	WORD	2479243	n/a	LTP558	ltpDelayRepFRReadOnly	0	6	9	FINGERS	40	1	1	0
1212.1669921875	n/a	WORD_OFF	2482518	n/a	LTP558	ltpDelayRepFRReadOnly	0	6	9	n/a	n/a	0	n/a	0
1214.98388671875	n/a	WORD	2488287	n/a	LTP558	ltpDelayRepFRReadOnly	0	6	10	RUM	25	1	2	1
1216.58349609375	n/a	WORD_OFF	2491563	n/a	LTP558	ltpDelayRepFRReadOnly	0	6	10	n/a	n/a	0	n/a	0
1219.20068359375	n/a	WORD	2496923	n/a	LTP558	ltpDelayRepFRReadOnly	0	6	11	HAMMER	231	1	1	0
1220.80078125	n/a	WORD_OFF	2500200	n/a	LTP558	ltpDelayRepFRReadOnly	0	6	11	n/a	n/a	0	n/a	0
1223.41748046875	n/a	WORD	2505559	n/a	LTP558	ltpDelayRepFRReadOnly	0	6	12	REFRIGERATOR	2	1	2	1
1225.017578125	n/a	WORD_OFF	2508836	n/a	LTP558	ltpDelayRepFRReadOnly	0	6	12	n/a	n/a	0	n/a	0
1227.75048828125	n/a	WORD	2514433	n/a	LTP558	ltpDelayRepFRReadOnly	0	6	13	SHRIMP	208	1	2	1
1229.35009765625	n/a	WORD_OFF	2517709	n/a	LTP558	ltpDelayRepFRReadOnly	0	6	13	n/a	n/a	0	n/a	0
1231.96630859375	n/a	WORD	2523067	n/a	LTP558	ltpDelayRepFRReadOnly	0	6	14	CAKE	74	1	2	1
1233.56640625	n/a	WORD_OFF	2526344	n/a	LTP558	ltpDelayRepFRReadOnly	0	6	14	n/a	n/a	0	n/a	0
1236.2841796875	n/a	WORD	2531910	n/a	LTP558	ltpDelayRepFRReadOnly	0	6	15	DOVE	32	1	2	1
1237.89990234375	n/a	WORD_OFF	2535219	n/a	LTP558	ltpDelayRepFRReadOnly	0	6	15	n/a	n/a	0	n/a	0
1240.43310546875	n/a	WORD	2540407	n/a	LTP558	ltpDelayRepFRReadOnly	0	6	16	LILY	125	0	1	0
1242.0341796875	n/a	WORD_OFF	2543686	n/a	LTP558	ltpDelayRepFRReadOnly	0	6	16	n/a	n/a	0	n/a	0
1244.81689453125	n/a	WORD	2549385	n/a	LTP558	ltpDelayRepFRReadOnly	0	6	17	BEAR	310	1	2	1
1246.4169921875	n/a	WORD_OFF	2552662	n/a	LTP558	ltpDelayRepFRReadOnly	0	6	17	n/a	n/a	0	n/a	0
1263.94921875	n/a	REC_START	2588568	n/a	LTP558	ltpDelayRepFRReadOnly	0	6	n/a	n/a	n/a	0	n/a	0
1264.8935546875	n/a	REC_WORD	2590502	n/a	LTP558	ltpDelayRepFRReadOnly	0	6	n/a	REFRIGERATOR	2	0	2	1
1266.4404296875	n/a	REC_WORD	2593670	n/a	LTP558	ltpDelayRepFRReadOnly	0	6	n/a	PEAS	270	0	1	1
1267.46240234375	n/a	REC_WORD	2595763	n/a	LTP558	ltpDelayRepFRReadOnly	0	6	n/a	SHRIMP	208	0	2	1
1269.10205078125	n/a	REC_WORD	2599121	n/a	LTP558	ltpDelayRepFRReadOnly	0	6	n/a	RUM	25	0	2	1
1270.4013671875	n/a	REC_WORD	2601782	n/a	LTP558	ltpDelayRepFRReadOnly	0	6	n/a	CAKE	74	0	2	1
1271.81494140625	n/a	REC_WORD	2604677	n/a	LTP558	ltpDelayRepFRReadOnly	0	6	n/a	BEAR	310	0	2	1
1272.80517578125	n/a	REC_WORD	2606705	n/a	LTP558	ltpDelayRepFRReadOnly	0	6	n/a	FINGERS	40	0	1	1
1274.0791015625	n/a	REC_WORD	2609314	n/a	LTP558	ltpDelayRepFRReadOnly	0	6	n/a	HAMMER	231	0	1	1
1276.65380859375	n/a	REC_WORD	2614587	n/a	LTP558	ltpDelayRepFRReadOnly	0	6	n/a	DOVE	32	0	2	1
1284.03369140625	n/a	REC_WORD_VV	2629701	n/a	LTP558	ltpDelayRepFRReadOnly	0	6	n/a	<>	-1	0	n/a	0
1291.6357421875	n/a	REC_WORD_VV	2645270	n/a	LTP558	ltpDelayRepFRReadOnly	0	6	n/a	<>	-1	0	n/a	0
1294.45361328125	n/a	REC_END	2651041	n/a	LTP558	ltpDelayRepFRReadOnly	0	6	n/a	n/a	n/a	0	n/a	0
1294.45361328125	n/a	TRIAL_START	2651041	n/a	LTP558	ltpDelayRepFRReadOnly	0	n/a	n/a	n/a	n/a	0	n/a	0
1294.46533203125	n/a	BREAK_START	2651065	n/a	LTP558	ltpDelayRepFRReadOnly	0	n/a	n/a	n/a	n/a	0	n/a	0
1295.46533203125	n/a	BREAK_STOP	2653113	n/a	LTP558	ltpDelayRepFRReadOnly	0	n/a	n/a	n/a	n/a	0	n/a	0
1610.6240234375	n/a	COUNTDOWN	3298558	n/a	LTP558	ltpDelayRepFRReadOnly	0	n/a	n/a	n/a	n/a	0	n/a	0
1614.74169921875	n/a	WORD	3306991	n/a	LTP558	ltpDelayRepFRReadOnly	0	7	0	LAMB	119	1	1	0
1616.3408203125	n/a	WORD_OFF	3310266	n/a	LTP558	ltpDelayRepFRReadOnly	0	7	0	n/a	n/a	0	n/a	0
1619.32373046875	n/a	WORD	3316375	n/a	LTP558	ltpDelayRepFRReadOnly	0	7	1	SPARROW	27	1	2	0
1620.9248046875	n/a	WORD_OFF	3319654	n/a	LTP558	ltpDelayRepFRReadOnly	0	7	1	n/a	n/a	0	n/a	0
1623.6904296875	n/a	WORD	3325318	n/a	LTP558	ltpDelayRepFRReadOnly	0	7	2	FOG	298	1	2	0
1625.29052734375	n/a	WORD_OFF	3328595	n/a	LTP558	ltpDelayRepFRReadOnly	0	7	2	n/a	n/a	0	n/a	0
1628.04150390625	n/a	WORD	3334229	n/a	LTP558	ltpDelayRepFRReadOnly	0	7	3	KNIFE	183	1	2	0
1629.64013671875	n/a	WORD_OFF	3337503	n/a	LTP558	ltpDelayRepFRReadOnly	0	7	3	n/a	n/a	0	n/a	0
1632.57421875	n/a	WORD	3343512	n/a	LTP558	ltpDelayRepFRReadOnly	0	7	4	TRAIN	285	1	1	0
1634.17333984375	n/a	WORD_OFF	3346787	n/a	LTP558	ltpDelayRepFRReadOnly	0	7	4	n/a	n/a	0	n/a	0
1636.94091796875	n/a	WORD	3352455	n/a	LTP558	ltpDelayRepFRReadOnly	0	7	5	ZEBRA	308	1	2	0
1638.5400390625	n/a	WORD_OFF	3355730	n/a	LTP558	ltpDelayRepFRReadOnly	0	7	5	n/a	n/a	0	n/a	0
1641.44091796875	n/a	WORD	3361671	n/a	LTP558	ltpDelayRepFRReadOnly	0	7	6	COOKIE	79	1	2	0
1643.05712890625	n/a	WORD_OFF	3364981	n/a	LTP558	ltpDelayRepFRReadOnly	0	7	6	n/a	n/a	0	n/a	0
1646.02392578125	n/a	WORD	3371057	n/a	LTP558	ltpDelayRepFRReadOnly	0	7	7	CEILING	55	1	1	0
1647.6240234375	n/a	WORD_OFF	3374334	n/a	LTP558	ltpDelayRepFRReadOnly	0	7	7	n/a	n/a	0	n/a	0
1650.173828125	n/a	WORD	3379556	n/a	LTP558	ltpDelayRepFRReadOnly	0	7	8	SLINKY	253	1	2	0
1651.78955078125	n/a	WORD_OFF	3382865	n/a	LTP558	ltpDelayRepFRReadOnly	0	7	8	n/a	n/a	0	n/a	0
1654.5068359375	n/a	WORD	3388430	n/a	LTP558	ltpDelayRepFRReadOnly	0	7	9	SPARROW	27	1	2	1
1656.1064453125	n/a	WORD_OFF	3391706	n/a	LTP558	ltpDelayRepFRReadOnly	0	7	9	n/a	n/a	0	n/a	0
1659.00634765625	n/a	WORD	3397645	n/a	LTP558	ltpDelayRepFRReadOnly	0	7	10	GRAPE	138	1	1	0
1660.6064453125	n/a	WORD_OFF	3400922	n/a	LTP558	ltpDelayRepFRReadOnly	0	7	10	n/a	n/a	0	n/a	0
1663.29052734375	n/a	WORD	3406419	n/a	LTP558	ltpDelayRepFRReadOnly	0	7	11	FOG	298	1	2	1
1664.890625	n/a	WORD_OFF	3409696	n/a	LTP558	ltpDelayRepFRReadOnly	0	7	11	n/a	n/a	0	n/a	0
1667.65625	n/a	WORD	3415360	n/a	LTP558	ltpDelayRepFRReadOnly	0	7	12	KNIFE	183	1	2	1
1669.25634765625	n/a	WORD_OFF	3418637	n/a	LTP558	ltpDelayRepFRReadOnly	0	7	12	n/a	n/a	0	n/a	0
1672.10595703125	n/a	WORD	3424473	n/a	LTP558	ltpDelayRepFRReadOnly	0	7	13	ZEBRA	308	1	2	1
1673.7060546875	n/a	WORD_OFF	3427750	n/a	LTP558	ltpDelayRepFRReadOnly	0	7	13	n/a	n/a	0	n/a	0
1676.35595703125	n/a	WORD	3433177	n/a	LTP558	ltpDelayRepFRReadOnly	0	7	14	SLINKY	253	1	2	1
1677.9560546875	n/a	WORD_OFF	3436454	n/a	LTP558	ltpDelayRepFRReadOnly	0	7	14	n/a	n/a	0	n/a	0
1680.60595703125	n/a	WORD	3441881	n/a	LTP558	ltpDelayRepFRReadOnly	0	7	15	JELLYFISH	212	1	1	0
1682.2060546875	n/a	WORD_OFF	3445158	n/a	LTP558	ltpDelayRepFRReadOnly	0	7	15	n/a	n/a	0	n/a	0
1684.9228515625	n/a	WORD	3450722	n/a	LTP558	ltpDelayRepFRReadOnly	0	7	16	BANJO	180	1	1	0
1686.52294921875	n/a	WORD_OFF	3453999	n/a	LTP558	ltpDelayRepFRReadOnly	0	7	16	n/a	n/a	0	n/a	0
1689.18994140625	n/a	WORD	3459461	n/a	LTP558	ltpDelayRepFRReadOnly	0	7	17	COOKIE	79	1	2	1
1690.78955078125	n/a	WORD_OFF	3462737	n/a	LTP558	ltpDelayRepFRReadOnly	0	7	17	n/a	n/a	0	n/a	0
1708.60595703125	n/a	REC_START	3499225	n/a	LTP558	ltpDelayRepFRReadOnly	0	7	n/a	n/a	n/a	0	n/a	0
1709.3720703125	n/a	REC_WORD	3500794	n/a	LTP558	ltpDelayRepFRReadOnly	0	7	n/a	BANJO	180	0	1	1
1710.7900390625	n/a	REC_WORD	3503698	n/a	LTP558	ltpDelayRepFRReadOnly	0	7	n/a	JELLYFISH	212	0	1	1
1712.2841796875	n/a	REC_WORD	3506758	n/a	LTP558	ltpDelayRepFRReadOnly	0	7	n/a	TRAIN	285	0	1	1
1713.373046875	n/a	REC_WORD	3508988	n/a	LTP558	ltpDelayRepFRReadOnly	0	7	n/a	CEILING	55	0	1	1
1714.52587890625	n/a	REC_WORD	3511349	n/a	LTP558	ltpDelayRepFRReadOnly	0	7	n/a	SLINKY	253	0	2	1
1716.291015625	n/a	REC_WORD	3514964	n/a	LTP558	ltpDelayRepFRReadOnly	0	7	n/a	ZEBRA	308	0	2	1
1718.47998046875	n/a	REC_WORD	3519447	n/a	LTP558	ltpDelayRepFRReadOnly	0	7	n/a	LAMB	119	0	1	1
1719.53271484375	n/a	REC_WORD	3521603	n/a	LTP558	ltpDelayRepFRReadOnly	0	7	n/a	SPARROW	27	0	2	1
1720.7109375	n/a	REC_WORD	3524016	n/a	LTP558	ltpDelayRepFRReadOnly	0	7	n/a	KNIFE	183	0	2	1
1721.72705078125	n/a	REC_WORD	3526097	n/a	LTP558	ltpDelayRepFRReadOnly	0	7	n/a	FOG	298	0	2	1
1727.73486328125	n/a	REC_WORD	3538401	n/a	LTP558	ltpDelayRepFRReadOnly	0	7	n/a	GRAPE	138	0	1	1
1728.4326171875	n/a	REC_WORD	3539830	n/a	LTP558	ltpDelayRepFRReadOnly	0	7	n/a	COOKIE	79	0	2	1
1739.109375	n/a	TRIAL_START	3561696	n/a	LTP558	ltpDelayRepFRReadOnly	0	n/a	n/a	n/a	n/a	0	n/a	0
1739.109375	n/a	REC_END	3561696	n/a	LTP558	ltpDelayRepFRReadOnly	0	7	n/a	n/a	n/a	0	n/a	0
1748.5712890625	n/a	COUNTDOWN	3581074	n/a	LTP558	ltpDelayRepFRReadOnly	0	n/a	n/a	n/a	n/a	0	n/a	0
1752.52197265625	n/a	WORD	3589165	n/a	LTP558	ltpDelayRepFRReadOnly	0	8	0	VIOLET	127	1	2	0
1754.12109375	n/a	WORD_OFF	3592440	n/a	LTP558	ltpDelayRepFRReadOnly	0	8	0	n/a	n/a	0	n/a	0
1756.720703125	n/a	WORD	3597764	n/a	LTP558	ltpDelayRepFRReadOnly	0	8	1	VAN	280	1	1	0
1758.32080078125	n/a	WORD_OFF	3601041	n/a	LTP558	ltpDelayRepFRReadOnly	0	8	1	n/a	n/a	0	n/a	0
1761.28759765625	n/a	WORD	3607117	n/a	LTP558	ltpDelayRepFRReadOnly	0	8	2	LADLE	190	1	2	0
1762.8876953125	n/a	WORD_OFF	3610394	n/a	LTP558	ltpDelayRepFRReadOnly	0	8	2	n/a	n/a	0	n/a	0
1765.57177734375	n/a	WORD	3615891	n/a	LTP558	ltpDelayRepFRReadOnly	0	8	3	SOCKS	67	1	2	0
1767.17041015625	n/a	WORD_OFF	3619165	n/a	LTP558	ltpDelayRepFRReadOnly	0	8	3	n/a	n/a	0	n/a	0
1769.70458984375	n/a	WORD	3624355	n/a	LTP558	ltpDelayRepFRReadOnly	0	8	4	TURKEY	121	1	2	0
1771.3046875	n/a	WORD_OFF	3627632	n/a	LTP558	ltpDelayRepFRReadOnly	0	8	4	n/a	n/a	0	n/a	0
1773.87060546875	n/a	WORD	3632887	n/a	LTP558	ltpDelayRepFRReadOnly	0	8	5	VACUUM	12	0	2	0
1775.47021484375	n/a	WORD_OFF	3636163	n/a	LTP558	ltpDelayRepFRReadOnly	0	8	5	n/a	n/a	0	n/a	0
1778.1044921875	n/a	WORD	3641558	n/a	LTP558	ltpDelayRepFRReadOnly	0	8	6	WRENCH	232	1	2	0
1779.7041015625	n/a	WORD_OFF	3644834	n/a	LTP558	ltpDelayRepFRReadOnly	0	8	6	n/a	n/a	0	n/a	0
1782.2041015625	n/a	WORD	3649954	n/a	LTP558	ltpDelayRepFRReadOnly	0	8	7	LADLE	190	1	2	1
1783.80322265625	n/a	WORD_OFF	3653229	n/a	LTP558	ltpDelayRepFRReadOnly	0	8	7	n/a	n/a	0	n/a	0
1786.3369140625	n/a	WORD	3658418	n/a	LTP558	ltpDelayRepFRReadOnly	0	8	8	POTATO	275	1	1	0
1787.93701171875	n/a	WORD_OFF	3661695	n/a	LTP558	ltpDelayRepFRReadOnly	0	8	8	n/a	n/a	0	n/a	0
1790.75390625	n/a	WORD	3667464	n/a	LTP558	ltpDelayRepFRReadOnly	0	8	9	VIOLET	127	1	2	1
1792.35400390625	n/a	WORD_OFF	3670741	n/a	LTP558	ltpDelayRepFRReadOnly	0	8	9	n/a	n/a	0	n/a	0
1795.03564453125	n/a	WORD	3676233	n/a	LTP558	ltpDelayRepFRReadOnly	0	8	10	COTTON	98	1	1	0
1796.63671875	n/a	WORD_OFF	3679512	n/a	LTP558	ltpDelayRepFRReadOnly	0	8	10	n/a	n/a	0	n/a	0
1799.3525390625	n/a	WORD	3685074	n/a	LTP558	ltpDelayRepFRReadOnly	0	8	11	OCEAN	196	1	1	0
1800.95263671875	n/a	WORD_OFF	3688351	n/a	LTP558	ltpDelayRepFRReadOnly	0	8	11	n/a	n/a	0	n/a	0
1803.78662109375	n/a	WORD	3694155	n/a	LTP558	ltpDelayRepFRReadOnly	0	8	12	SOCKS	67	1	2	1
1805.38671875	n/a	WORD_OFF	3697432	n/a	LTP558	ltpDelayRepFRReadOnly	0	8	12	n/a	n/a	0	n/a	0
1808.28662109375	n/a	WORD	3703371	n/a	LTP558	ltpDelayRepFRReadOnly	0	8	13	DRUM	172	1	1	0
1809.88623046875	n/a	WORD_OFF	3706647	n/a	LTP558	ltpDelayRepFRReadOnly	0	8	13	n/a	n/a	0	n/a	0
1812.40234375	n/a	WORD	3711800	n/a	LTP558	ltpDelayRepFRReadOnly	0	8	14	TURKEY	121	1	2	1
1814.00341796875	n/a	WORD_OFF	3715079	n/a	LTP558	ltpDelayRepFRReadOnly	0	8	14	n/a	n/a	0	n/a	0
1816.93603515625	n/a	WORD	3721085	n/a	LTP558	ltpDelayRepFRReadOnly	0	8	15	WRENCH	232	1	2	1
1818.5361328125	n/a	WORD_OFF	3724362	n/a	LTP558	ltpDelayRepFRReadOnly	0	8	15	n/a	n/a	0	n/a	0
1821.2861328125	n/a	WORD	3729994	n/a	LTP558	ltpDelayRepFRReadOnly	0	8	16	THUNDER	299	0	1	0
1822.88623046875	n/a	WORD_OFF	3733271	n/a	LTP558	ltpDelayRepFRReadOnly	0	8	16	n/a	n/a	0	n/a	0
1825.787109375	n/a	WORD	3739212	n/a	LTP558	ltpDelayRepFRReadOnly	0	8	17	VACUUM	12	0	2	1
1827.384765625	n/a	WORD_OFF	3742484	n/a	LTP558	ltpDelayRepFRReadOnly	0	8	17	n/a	n/a	0	n/a	0
1845.28564453125	n/a	REC_START	3779145	n/a	LTP558	ltpDelayRepFRReadOnly	0	8	n/a	n/a	n/a	0	n/a	0
1846.1875	n/a	REC_WORD	3780992	n/a	LTP558	ltpDelayRepFRReadOnly	0	8	n/a	VIOLET	127	0	2	1
1847.50927734375	n/a	REC_WORD	3783699	n/a	LTP558	ltpDelayRepFRReadOnly	0	8	n/a	SOCKS	67	0	2	1
1848.91552734375	n/a	REC_WORD	3786579	n/a	LTP558	ltpDelayRepFRReadOnly	0	8	n/a	COTTON	98	0	1	1
1850.275390625	n/a	REC_WORD	3789364	n/a	LTP558	ltpDelayRepFRReadOnly	0	8	n/a	LADLE	190	0	2	1
1851.703125	n/a	REC_WORD	3792288	n/a	LTP558	ltpDelayRepFRReadOnly	0	8	n/a	TURKEY	121	0	2	1
1852.93701171875	n/a	REC_WORD	3794815	n/a	LTP558	ltpDelayRepFRReadOnly	0	8	n/a	POTATO	275	0	1	1
1854.408203125	n/a	REC_WORD	3797828	n/a	LTP558	ltpDelayRepFRReadOnly	0	8	n/a	WRENCH	232	0	2	1
1855.408203125	n/a	REC_WORD_VV	3799876	n/a	LTP558	ltpDelayRepFRReadOnly	0	8	n/a	<>	-1	0	n/a	0
1857.98095703125	n/a	REC_WORD	3805145	n/a	LTP558	ltpDelayRepFRReadOnly	0	8	n/a	VAN	280	0	1	1
1862.7490234375	n/a	REC_WORD	3814910	n/a	LTP558	ltpDelayRepFRReadOnly	0	8	n/a	DRUM	172	0	1	1
1865.26806640625	n/a	REC_WORD	3820069	n/a	LTP558	ltpDelayRepFRReadOnly	0	8	n/a	OCEAN	196	0	1	1
1875.78857421875	n/a	REC_END	3841615	n/a	LTP558	ltpDelayRepFRReadOnly	0	8	n/a	n/a	n/a	0	n/a	0
1875.78857421875	n/a	TRIAL_START	3841615	n/a	LTP558	ltpDelayRepFRReadOnly	0	n/a	n/a	n/a	n/a	0	n/a	0
1885.6015625	n/a	COUNTDOWN	3861712	n/a	LTP558	ltpDelayRepFRReadOnly	0	n/a	n/a	n/a	n/a	0	n/a	0
1889.6181640625	n/a	WORD	3869938	n/a	LTP558	ltpDelayRepFRReadOnly	0	9	0	RULER	226	1	1	0
1891.21826171875	n/a	WORD_OFF	3873215	n/a	LTP558	ltpDelayRepFRReadOnly	0	9	0	n/a	n/a	0	n/a	0
1893.80126953125	n/a	WORD	3878505	n/a	LTP558	ltpDelayRepFRReadOnly	0	9	1	CALF	113	1	1	0
1895.40087890625	n/a	WORD_OFF	3881781	n/a	LTP558	ltpDelayRepFRReadOnly	0	9	1	n/a	n/a	0	n/a	0
1898.30078125	n/a	WORD	3887720	n/a	LTP558	ltpDelayRepFRReadOnly	0	9	2	CHEESECAKE	78	0	1	0
1899.90087890625	n/a	WORD_OFF	3890997	n/a	LTP558	ltpDelayRepFRReadOnly	0	9	2	n/a	n/a	0	n/a	0
1902.48388671875	n/a	WORD	3896287	n/a	LTP558	ltpDelayRepFRReadOnly	0	9	3	CEDAR	262	1	1	0
1904.083984375	n/a	WORD_OFF	3899564	n/a	LTP558	ltpDelayRepFRReadOnly	0	9	3	n/a	n/a	0	n/a	0
1906.6005859375	n/a	WORD	3904718	n/a	LTP558	ltpDelayRepFRReadOnly	0	9	4	WOOL	100	1	2	0
1908.20068359375	n/a	WORD_OFF	3907995	n/a	LTP558	ltpDelayRepFRReadOnly	0	9	4	n/a	n/a	0	n/a	0
1910.83349609375	n/a	WORD	3913387	n/a	LTP558	ltpDelayRepFRReadOnly	0	9	5	CAR	278	1	1	0
1912.43359375	n/a	WORD_OFF	3916664	n/a	LTP558	ltpDelayRepFRReadOnly	0	9	5	n/a	n/a	0	n/a	0
1915.384765625	n/a	WORD	3922708	n/a	LTP558	ltpDelayRepFRReadOnly	0	9	6	SPATULA	184	1	2	0
1916.984375	n/a	WORD_OFF	3925984	n/a	LTP558	ltpDelayRepFRReadOnly	0	9	6	n/a	n/a	0	n/a	0
1919.83447265625	n/a	WORD	3931821	n/a	LTP558	ltpDelayRepFRReadOnly	0	9	7	HAWK	37	1	2	0
1921.43359375	n/a	WORD_OFF	3935096	n/a	LTP558	ltpDelayRepFRReadOnly	0	9	7	n/a	n/a	0	n/a	0
1923.984375	n/a	WORD	3940320	n/a	LTP558	ltpDelayRepFRReadOnly	0	9	8	BOOKCASE	155	1	2	0
1925.58447265625	n/a	WORD_OFF	3943597	n/a	LTP558	ltpDelayRepFRReadOnly	0	9	8	n/a	n/a	0	n/a	0
1928.35009765625	n/a	WORD	3949261	n/a	LTP558	ltpDelayRepFRReadOnly	0	9	9	GNAT	169	1	2	0
1929.9501953125	n/a	WORD_OFF	3952538	n/a	LTP558	ltpDelayRepFRReadOnly	0	9	9	n/a	n/a	0	n/a	0
1932.9169921875	n/a	WORD	3958614	n/a	LTP558	ltpDelayRepFRReadOnly	0	9	10	SUNFLOWER	131	1	2	0
1934.51708984375	n/a	WORD_OFF	3961891	n/a	LTP558	ltpDelayRepFRReadOnly	0	9	10	n/a	n/a	0	n/a	0
1937.11669921875	n/a	WORD	3967215	n/a	LTP558	ltpDelayRepFRReadOnly	0	9	11	SPATULA	184	1	2	1
1938.716796875	n/a	WORD_OFF	3970492	n/a	LTP558	ltpDelayRepFRReadOnly	0	9	11	n/a	n/a	0	n/a	0
1941.599609375	n/a	WORD	3976396	n/a	LTP558	ltpDelayRepFRReadOnly	0	9	12	FISH	206	1	1	0
1943.19970703125	n/a	WORD_OFF	3979673	n/a	LTP558	ltpDelayRepFRReadOnly	0	9	12	n/a	n/a	0	n/a	0
1945.7666015625	n/a	WORD	3984930	n/a	LTP558	ltpDelayRepFRReadOnly	0	9	13	WOOL	100	1	2	1
1947.36669921875	n/a	WORD_OFF	3988207	n/a	LTP558	ltpDelayRepFRReadOnly	0	9	13	n/a	n/a	0	n/a	0
1950.08349609375	n/a	WORD	3993771	n/a	LTP558	ltpDelayRepFRReadOnly	0	9	14	HAWK	37	1	2	1
1951.68359375	n/a	WORD_OFF	3997048	n/a	LTP558	ltpDelayRepFRReadOnly	0	9	14	n/a	n/a	0	n/a	0
1954.28369140625	n/a	WORD	4002373	n/a	LTP558	ltpDelayRepFRReadOnly	0	9	15	GNAT	169	1	2	1
1955.88330078125	n/a	WORD_OFF	4005649	n/a	LTP558	ltpDelayRepFRReadOnly	0	9	15	n/a	n/a	0	n/a	0
1958.81640625	n/a	WORD	4011656	n/a	LTP558	ltpDelayRepFRReadOnly	0	9	16	BOOKCASE	155	1	2	1
1960.41650390625	n/a	WORD_OFF	4014933	n/a	LTP558	ltpDelayRepFRReadOnly	0	9	16	n/a	n/a	0	n/a	0
1962.93310546875	n/a	WORD	4020087	n/a	LTP558	ltpDelayRepFRReadOnly	0	9	17	SUNFLOWER	131	1	2	1
1964.533203125	n/a	WORD_OFF	4023364	n/a	LTP558	ltpDelayRepFRReadOnly	0	9	17	n/a	n/a	0	n/a	0
1982.33251953125	n/a	REC_START	4059817	n/a	LTP558	ltpDelayRepFRReadOnly	0	9	n/a	n/a	n/a	0	n/a	0
1983.33447265625	n/a	REC_WORD	4061869	n/a	LTP558	ltpDelayRepFRReadOnly	0	9	n/a	SPATULA	184	0	2	1
1985.15185546875	n/a	REC_WORD	4065591	n/a	LTP558	ltpDelayRepFRReadOnly	0	9	n/a	RULER	226	0	1	1
1986.3505859375	n/a	REC_WORD	4068046	n/a	LTP558	ltpDelayRepFRReadOnly	0	9	n/a	HAWK	37	0	2	1
1990.6435546875	n/a	REC_WORD	4076838	n/a	LTP558	ltpDelayRepFRReadOnly	0	9	n/a	SUNFLOWER	131	0	2	1
1992.40234375	n/a	REC_WORD	4080440	n/a	LTP558	ltpDelayRepFRReadOnly	0	9	n/a	BOOKCASE	155	0	2	1
1995.369140625	n/a	REC_WORD	4086516	n/a	LTP558	ltpDelayRepFRReadOnly	0	9	n/a	CALF	113	0	1	1
1996.51953125	n/a	REC_WORD	4088872	n/a	LTP558	ltpDelayRepFRReadOnly	0	9	n/a	CAR	278	0	1	1
1998.35205078125	n/a	REC_WORD	4092625	n/a	LTP558	ltpDelayRepFRReadOnly	0	9	n/a	WOOL	100	0	2	1
1999.375	n/a	REC_WORD	4094720	n/a	LTP558	ltpDelayRepFRReadOnly	0	9	n/a	CEDAR	262	0	1	1
2001.96728515625	n/a	REC_WORD	4100029	n/a	LTP558	ltpDelayRepFRReadOnly	0	9	n/a	GNAT	169	0	2	1
2003.17333984375	n/a	REC_WORD	4102499	n/a	LTP558	ltpDelayRepFRReadOnly	0	9	n/a	FISH	206	0	1	1
2012.8359375	n/a	REC_END	4122288	n/a	LTP558	ltpDelayRepFRReadOnly	0	9	n/a	n/a	n/a	0	n/a	0
2012.8359375	n/a	TRIAL_START	4122288	n/a	LTP558	ltpDelayRepFRReadOnly	0	n/a	n/a	n/a	n/a	0	n/a	0
2023.564453125	n/a	COUNTDOWN	4144260	n/a	LTP558	ltpDelayRepFRReadOnly	0	n/a	n/a	n/a	n/a	0	n/a	0
2027.54638671875	n/a	WORD	4152415	n/a	LTP558	ltpDelayRepFRReadOnly	0	10	0	LEMONADE	17	1	2	0
2029.1474609375	n/a	WORD_OFF	4155694	n/a	LTP558	ltpDelayRepFRReadOnly	0	10	0	n/a	n/a	0	n/a	0
2031.83056640625	n/a	WORD	4161189	n/a	LTP558	ltpDelayRepFRReadOnly	0	10	1	BLUEBIRD	31	1	2	0
2033.43115234375	n/a	WORD_OFF	4164467	n/a	LTP558	ltpDelayRepFRReadOnly	0	10	1	n/a	n/a	0	n/a	0
2036.248046875	n/a	WORD	4170236	n/a	LTP558	ltpDelayRepFRReadOnly	0	10	2	PIE	75	1	2	0
2037.84814453125	n/a	WORD_OFF	4173513	n/a	LTP558	ltpDelayRepFRReadOnly	0	10	2	n/a	n/a	0	n/a	0
2040.59716796875	n/a	WORD	4179143	n/a	LTP558	ltpDelayRepFRReadOnly	0	10	3	PHONE	88	1	1	0
2042.197265625	n/a	WORD_OFF	4182420	n/a	LTP558	ltpDelayRepFRReadOnly	0	10	3	n/a	n/a	0	n/a	0
2045.080078125	n/a	WORD	4188324	n/a	LTP558	ltpDelayRepFRReadOnly	0	10	4	DISHWASHER	7	1	1	0
2046.68115234375	n/a	WORD_OFF	4191603	n/a	LTP558	ltpDelayRepFRReadOnly	0	10	4	n/a	n/a	0	n/a	0
2049.34765625	n/a	WORD	4197064	n/a	LTP558	ltpDelayRepFRReadOnly	0	10	5	TRUCK	279	1	2	0
2050.94677734375	n/a	WORD_OFF	4200339	n/a	LTP558	ltpDelayRepFRReadOnly	0	10	5	n/a	n/a	0	n/a	0
2053.83056640625	n/a	WORD	4206245	n/a	LTP558	ltpDelayRepFRReadOnly	0	10	6	BLOCKS	244	1	2	0
2055.4306640625	n/a	WORD_OFF	4209522	n/a	LTP558	ltpDelayRepFRReadOnly	0	10	6	n/a	n/a	0	n/a	0
2057.9306640625	n/a	WORD	4214642	n/a	LTP558	ltpDelayRepFRReadOnly	0	10	7	HEAD	44	1	1	0
2059.53076171875	n/a	WORD_OFF	4217919	n/a	LTP558	ltpDelayRepFRReadOnly	0	10	7	n/a	n/a	0	n/a	0
2062.09765625	n/a	WORD	4223176	n/a	LTP558	ltpDelayRepFRReadOnly	0	10	8	MOSQUITO	160	0	1	0
2063.6962890625	n/a	WORD_OFF	4226450	n/a	LTP558	ltpDelayRepFRReadOnly	0	10	8	n/a	n/a	0	n/a	0
2066.49755859375	n/a	WORD	4232187	n/a	LTP558	ltpDelayRepFRReadOnly	0	10	9	GOAT	118	1	2	0
2068.09619140625	n/a	WORD_OFF	4235461	n/a	LTP558	ltpDelayRepFRReadOnly	0	10	9	n/a	n/a	0	n/a	0
2070.830078125	n/a	WORD	4241060	n/a	LTP558	ltpDelayRepFRReadOnly	0	10	10	LEMONADE	17	1	2	1
2072.42919921875	n/a	WORD_OFF	4244335	n/a	LTP558	ltpDelayRepFRReadOnly	0	10	10	n/a	n/a	0	n/a	0
2075.36328125	n/a	WORD	4250344	n/a	LTP558	ltpDelayRepFRReadOnly	0	10	11	BLUEBIRD	31	1	2	1
2076.9619140625	n/a	WORD_OFF	4253618	n/a	LTP558	ltpDelayRepFRReadOnly	0	10	11	n/a	n/a	0	n/a	0
2079.86279296875	n/a	WORD	4259559	n/a	LTP558	ltpDelayRepFRReadOnly	0	10	12	PIE	75	1	2	1
2081.462890625	n/a	WORD_OFF	4262836	n/a	LTP558	ltpDelayRepFRReadOnly	0	10	12	n/a	n/a	0	n/a	0
2084.19580078125	n/a	WORD	4268433	n/a	LTP558	ltpDelayRepFRReadOnly	0	10	13	CELLO	178	1	1	0
2085.796875	n/a	WORD_OFF	4271712	n/a	LTP558	ltpDelayRepFRReadOnly	0	10	13	n/a	n/a	0	n/a	0
2088.6298828125	n/a	WORD	4277514	n/a	LTP558	ltpDelayRepFRReadOnly	0	10	14	BLOCKS	244	1	2	1
2090.22998046875	n/a	WORD_OFF	4280791	n/a	LTP558	ltpDelayRepFRReadOnly	0	10	14	n/a	n/a	0	n/a	0
2093.1455078125	n/a	WORD	4286762	n/a	LTP558	ltpDelayRepFRReadOnly	0	10	15	TRUCK	279	1	2	1
2094.74560546875	n/a	WORD_OFF	4290039	n/a	LTP558	ltpDelayRepFRReadOnly	0	10	15	n/a	n/a	0	n/a	0
2097.46240234375	n/a	WORD	4295603	n/a	LTP558	ltpDelayRepFRReadOnly	0	10	16	OYSTER	213	1	1	0
2099.0625	n/a	WORD_OFF	4298880	n/a	LTP558	ltpDelayRepFRReadOnly	0	10	16	n/a	n/a	0	n/a	0
2101.84521484375	n/a	WORD	4304579	n/a	LTP558	ltpDelayRepFRReadOnly	0	10	17	GOAT	118	1	2	1
2103.4462890625	n/a	WORD_OFF	4307858	n/a	LTP558	ltpDelayRepFRReadOnly	0	10	17	n/a	n/a	0	n/a	0
2120.97900390625	n/a	REC_START	4343765	n/a	LTP558	ltpDelayRepFRReadOnly	0	10	n/a	n/a	n/a	0	n/a	0
2121.9697265625	n/a	REC_WORD	4345794	n/a	LTP558	ltpDelayRepFRReadOnly	0	10	n/a	LEMONADE	17	0	2	1
2123.73779296875	n/a	REC_WORD	4349415	n/a	LTP558	ltpDelayRepFRReadOnly	0	10	n/a	PIE	75	0	2	1
2125.341796875	n/a	REC_WORD	4352700	n/a	LTP558	ltpDelayRepFRReadOnly	0	10	n/a	OYSTER	213	0	1	1
2127.06787109375	n/a	REC_WORD	4356235	n/a	LTP558	ltpDelayRepFRReadOnly	0	10	n/a	GOAT	118	0	2	1
2128.556640625	n/a	REC_WORD	4359284	n/a	LTP558	ltpDelayRepFRReadOnly	0	10	n/a	CELLO	178	0	1	1
2130.29248046875	n/a	REC_WORD	4362839	n/a	LTP558	ltpDelayRepFRReadOnly	0	10	n/a	BLUEBIRD	31	0	2	1
2131.75146484375	n/a	REC_WORD	4365827	n/a	LTP558	ltpDelayRepFRReadOnly	0	10	n/a	TRUCK	279	0	2	1
2132.634765625	n/a	REC_WORD	4367636	n/a	LTP558	ltpDelayRepFRReadOnly	0	10	n/a	BLOCKS	244	0	2	1
2133.91162109375	n/a	REC_WORD	4370251	n/a	LTP558	ltpDelayRepFRReadOnly	0	10	n/a	DISHWASHER	7	0	1	1
2134.91162109375	n/a	REC_WORD_VV	4372299	n/a	LTP558	ltpDelayRepFRReadOnly	0	10	n/a	<>	-1	0	n/a	0
2140.88720703125	n/a	REC_WORD	4384537	n/a	LTP558	ltpDelayRepFRReadOnly	0	10	n/a	HEAD	44	0	1	1
2142.78515625	n/a	REC_WORD	4388424	n/a	LTP558	ltpDelayRepFRReadOnly	0	10	n/a	PHONE	88	0	1	1
2151.48193359375	n/a	REC_END	4406235	n/a	LTP558	ltpDelayRepFRReadOnly	0	10	n/a	n/a	n/a	0	n/a	0
2151.48193359375	n/a	TRIAL_START	4406235	n/a	LTP558	ltpDelayRepFRReadOnly	0	n/a	n/a	n/a	n/a	0	n/a	0
2160.794921875	n/a	COUNTDOWN	4425308	n/a	LTP558	ltpDelayRepFRReadOnly	0	n/a	n/a	n/a	n/a	0	n/a	0
2164.8779296875	n/a	WORD	4433670	n/a	LTP558	ltpDelayRepFRReadOnly	0	11	0	DESK	152	1	2	0
2166.4775390625	n/a	WORD_OFF	4436946	n/a	LTP558	ltpDelayRepFRReadOnly	0	11	0	n/a	n/a	0	n/a	0
2169.02783203125	n/a	WORD	4442169	n/a	LTP558	ltpDelayRepFRReadOnly	0	11	1	PASTRY	82	0	1	0
2170.62744140625	n/a	WORD_OFF	4445445	n/a	LTP558	ltpDelayRepFRReadOnly	0	11	1	n/a	n/a	0	n/a	0
2173.2275390625	n/a	WORD	4450770	n/a	LTP558	ltpDelayRepFRReadOnly	0	11	2	CLOUD	294	1	2	0
2174.82763671875	n/a	WORD_OFF	4454047	n/a	LTP558	ltpDelayRepFRReadOnly	0	11	2	n/a	n/a	0	n/a	0
2177.54443359375	n/a	WORD	4459611	n/a	LTP558	ltpDelayRepFRReadOnly	0	11	3	SCOOTER	288	1	2	0
2179.14453125	n/a	WORD_OFF	4462888	n/a	LTP558	ltpDelayRepFRReadOnly	0	11	3	n/a	n/a	0	n/a	0
2181.71142578125	n/a	WORD	4468145	n/a	LTP558	ltpDelayRepFRReadOnly	0	11	4	STAPLER	225	0	1	0
2183.31103515625	n/a	WORD_OFF	4471421	n/a	LTP558	ltpDelayRepFRReadOnly	0	11	4	n/a	n/a	0	n/a	0
2186.06103515625	n/a	WORD	4477053	n/a	LTP558	ltpDelayRepFRReadOnly	0	11	5	TOASTER	9	1	2	0
2187.6611328125	n/a	WORD_OFF	4480330	n/a	LTP558	ltpDelayRepFRReadOnly	0	11	5	n/a	n/a	0	n/a	0
2190.2109375	n/a	WORD	4485552	n/a	LTP558	ltpDelayRepFRReadOnly	0	11	6	CHERRY	142	0	1	0
2191.8271484375	n/a	WORD_OFF	4488862	n/a	LTP558	ltpDelayRepFRReadOnly	0	11	6	n/a	n/a	0	n/a	0
2194.5439453125	n/a	WORD	4494426	n/a	LTP558	ltpDelayRepFRReadOnly	0	11	7	FOOT	38	1	2	0
2196.14404296875	n/a	WORD_OFF	4497703	n/a	LTP558	ltpDelayRepFRReadOnly	0	11	7	n/a	n/a	0	n/a	0
2198.94384765625	n/a	WORD	4503437	n/a	LTP558	ltpDelayRepFRReadOnly	0	11	8	DAFFODIL	128	0	2	0
2200.5439453125	n/a	WORD_OFF	4506714	n/a	LTP558	ltpDelayRepFRReadOnly	0	11	8	n/a	n/a	0	n/a	0
2203.19384765625	n/a	WORD	4512141	n/a	LTP558	ltpDelayRepFRReadOnly	0	11	9	BEER	22	1	1	0
2204.79345703125	n/a	WORD_OFF	4515417	n/a	LTP558	ltpDelayRepFRReadOnly	0	11	9	n/a	n/a	0	n/a	0
2207.4267578125	n/a	WORD	4520810	n/a	LTP558	ltpDelayRepFRReadOnly	0	11	10	STEREO	89	1	1	0
2209.0263671875	n/a	WORD_OFF	4524086	n/a	LTP558	ltpDelayRepFRReadOnly	0	11	10	n/a	n/a	0	n/a	0
2211.8095703125	n/a	WORD	4529786	n/a	LTP558	ltpDelayRepFRReadOnly	0	11	11	DESK	152	1	2	1
2213.4091796875	n/a	WORD_OFF	4533062	n/a	LTP558	ltpDelayRepFRReadOnly	0	11	11	n/a	n/a	0	n/a	0
2215.9931640625	n/a	WORD	4538354	n/a	LTP558	ltpDelayRepFRReadOnly	0	11	12	HEN	114	1	1	0
2217.59326171875	n/a	WORD_OFF	4541631	n/a	LTP558	ltpDelayRepFRReadOnly	0	11	12	n/a	n/a	0	n/a	0
2220.51025390625	n/a	WORD	4547605	n/a	LTP558	ltpDelayRepFRReadOnly	0	11	13	CLOUD	294	1	2	1
2222.1103515625	n/a	WORD_OFF	4550882	n/a	LTP558	ltpDelayRepFRReadOnly	0	11	13	n/a	n/a	0	n/a	0
2225.06005859375	n/a	WORD	4556923	n/a	LTP558	ltpDelayRepFRReadOnly	0	11	14	SCOOTER	288	1	2	1
2226.66015625	n/a	WORD_OFF	4560200	n/a	LTP558	ltpDelayRepFRReadOnly	0	11	14	n/a	n/a	0	n/a	0
2229.3427734375	n/a	WORD	4565694	n/a	LTP558	ltpDelayRepFRReadOnly	0	11	15	TOASTER	9	1	2	1
2230.94287109375	n/a	WORD_OFF	4568971	n/a	LTP558	ltpDelayRepFRReadOnly	0	11	15	n/a	n/a	0	n/a	0
2233.65966796875	n/a	WORD	4574535	n/a	LTP558	ltpDelayRepFRReadOnly	0	11	16	DAFFODIL	128	0	2	1
2235.259765625	n/a	WORD_OFF	4577812	n/a	LTP558	ltpDelayRepFRReadOnly	0	11	16	n/a	n/a	0	n/a	0
2238.19287109375	n/a	WORD	4583819	n/a	LTP558	ltpDelayRepFRReadOnly	0	11	17	FOOT	38	1	2	1
2239.79248046875	n/a	WORD_OFF	4587095	n/a	LTP558	ltpDelayRepFRReadOnly	0	11	17	n/a	n/a	0	n/a	0
2257.625	n/a	REC_START	4623616	n/a	LTP558	ltpDelayRepFRReadOnly	0	11	n/a	n/a	n/a	0	n/a	0
2258.42919921875	n/a	REC_WORD	4625263	n/a	LTP558	ltpDelayRepFRReadOnly	0	11	n/a	CLOUD	294	0	2	1
2259.5048828125	n/a	REC_WORD	4627466	n/a	LTP558	ltpDelayRepFRReadOnly	0	11	n/a	SCOOTER	288	0	2	1
2260.68994140625	n/a	REC_WORD	4629893	n/a	LTP558	ltpDelayRepFRReadOnly	0	11	n/a	HEN	114	0	1	1
2261.51513671875	n/a	REC_WORD	4631583	n/a	LTP558	ltpDelayRepFRReadOnly	0	11	n/a	FOOT	38	0	2	1
2262.85205078125	n/a	REC_WORD	4634321	n/a	LTP558	ltpDelayRepFRReadOnly	0	11	n/a	STEREO	89	0	1	1
2265.27880859375	n/a	REC_WORD	4639291	n/a	LTP558	ltpDelayRepFRReadOnly	0	11	n/a	TOASTER	9	0	2	1
2268.73486328125	n/a	REC_WORD	4646369	n/a	LTP558	ltpDelayRepFRReadOnly	0	11	n/a	BEER	22	0	1	1
2279.00439453125	n/a	REC_WORD	4667401	n/a	LTP558	ltpDelayRepFRReadOnly	0	11	n/a	DESK	152	0	2	1
2288.12939453125	n/a	TRIAL_START	4686089	n/a	LTP558	ltpDelayRepFRReadOnly	0	n/a	n/a	n/a	n/a	0	n/a	0
2288.12939453125	n/a	REC_END	4686089	n/a	LTP558	ltpDelayRepFRReadOnly	0	11	n/a	n/a	n/a	0	n/a	0
2297.42431640625	n/a	COUNTDOWN	4705125	n/a	LTP558	ltpDelayRepFRReadOnly	0	n/a	n/a	n/a	n/a	0	n/a	0
2301.30810546875	n/a	WORD	4713079	n/a	LTP558	ltpDelayRepFRReadOnly	0	12	0	BEACH	204	1	2	0
2302.90771484375	n/a	WORD_OFF	4716355	n/a	LTP558	ltpDelayRepFRReadOnly	0	12	0	n/a	n/a	0	n/a	0
2305.841796875	n/a	WORD	4722364	n/a	LTP558	ltpDelayRepFRReadOnly	0	12	1	JEANS	64	1	2	0
2307.44091796875	n/a	WORD_OFF	4725639	n/a	LTP558	ltpDelayRepFRReadOnly	0	12	1	n/a	n/a	0	n/a	0
2310.07373046875	n/a	WORD	4731031	n/a	LTP558	ltpDelayRepFRReadOnly	0	12	2	DOLL	242	1	2	0
2311.673828125	n/a	WORD_OFF	4734308	n/a	LTP558	ltpDelayRepFRReadOnly	0	12	2	n/a	n/a	0	n/a	0
2314.306640625	n/a	WORD	4739700	n/a	LTP558	ltpDelayRepFRReadOnly	0	12	3	SODA	15	1	2	0
2315.90673828125	n/a	WORD_OFF	4742977	n/a	LTP558	ltpDelayRepFRReadOnly	0	12	3	n/a	n/a	0	n/a	0
2318.79052734375	n/a	WORD	4748883	n/a	LTP558	ltpDelayRepFRReadOnly	0	12	4	TROMBONE	177	1	1	0
2320.390625	n/a	WORD_OFF	4752160	n/a	LTP558	ltpDelayRepFRReadOnly	0	12	4	n/a	n/a	0	n/a	0
2322.9404296875	n/a	WORD	4757382	n/a	LTP558	ltpDelayRepFRReadOnly	0	12	5	DRIZZLE	296	1	2	0
2324.54052734375	n/a	WORD_OFF	4760659	n/a	LTP558	ltpDelayRepFRReadOnly	0	12	5	n/a	n/a	0	n/a	0
2327.3564453125	n/a	WORD	4766426	n/a	LTP558	ltpDelayRepFRReadOnly	0	12	6	PEAR	140	1	2	0
2328.9560546875	n/a	WORD_OFF	4769702	n/a	LTP558	ltpDelayRepFRReadOnly	0	12	6	n/a	n/a	0	n/a	0
2331.7900390625	n/a	WORD	4775506	n/a	LTP558	ltpDelayRepFRReadOnly	0	12	7	OAK	255	0	1	0
2333.39013671875	n/a	WORD_OFF	4778783	n/a	LTP558	ltpDelayRepFRReadOnly	0	12	7	n/a	n/a	0	n/a	0
2335.9560546875	n/a	WORD	4784038	n/a	LTP558	ltpDelayRepFRReadOnly	0	12	8	NYLON	101	0	1	0
2337.55712890625	n/a	WORD_OFF	4787317	n/a	LTP558	ltpDelayRepFRReadOnly	0	12	8	n/a	n/a	0	n/a	0
2340.423828125	n/a	WORD	4793188	n/a	LTP558	ltpDelayRepFRReadOnly	0	12	9	BEACH	204	1	2	1
2342.02392578125	n/a	WORD_OFF	4796465	n/a	LTP558	ltpDelayRepFRReadOnly	0	12	9	n/a	n/a	0	n/a	0
2344.57373046875	n/a	WORD	4801687	n/a	LTP558	ltpDelayRepFRReadOnly	0	12	10	ELEPHANT	303	1	1	0
2346.19091796875	n/a	WORD_OFF	4804999	n/a	LTP558	ltpDelayRepFRReadOnly	0	12	10	n/a	n/a	0	n/a	0
2348.82373046875	n/a	WORD	4810391	n/a	LTP558	ltpDelayRepFRReadOnly	0	12	11	JEANS	64	1	2	1
2350.4248046875	n/a	WORD_OFF	4813670	n/a	LTP558	ltpDelayRepFRReadOnly	0	12	11	n/a	n/a	0	n/a	0
2353.42333984375	n/a	WORD	4819811	n/a	LTP558	ltpDelayRepFRReadOnly	0	12	12	CELERY	271	1	1	0
2355.0234375	n/a	WORD_OFF	4823088	n/a	LTP558	ltpDelayRepFRReadOnly	0	12	12	n/a	n/a	0	n/a	0
2357.84033203125	n/a	WORD	4828857	n/a	LTP558	ltpDelayRepFRReadOnly	0	12	13	STAIRS	59	1	1	0
2359.4404296875	n/a	WORD_OFF	4832134	n/a	LTP558	ltpDelayRepFRReadOnly	0	12	13	n/a	n/a	0	n/a	0
2362.3564453125	n/a	WORD	4838106	n/a	LTP558	ltpDelayRepFRReadOnly	0	12	14	DOLL	242	1	2	1
2363.9560546875	n/a	WORD_OFF	4841382	n/a	LTP558	ltpDelayRepFRReadOnly	0	12	14	n/a	n/a	0	n/a	0
2366.5234375	n/a	WORD	4846640	n/a	LTP558	ltpDelayRepFRReadOnly	0	12	15	DRIZZLE	296	1	2	1
2368.123046875	n/a	WORD_OFF	4849916	n/a	LTP558	ltpDelayRepFRReadOnly	0	12	15	n/a	n/a	0	n/a	0
2370.873046875	n/a	WORD	4855548	n/a	LTP558	ltpDelayRepFRReadOnly	0	12	16	SODA	15	1	2	1
2372.47314453125	n/a	WORD_OFF	4858825	n/a	LTP558	ltpDelayRepFRReadOnly	0	12	16	n/a	n/a	0	n/a	0
2375.123046875	n/a	WORD	4864252	n/a	LTP558	ltpDelayRepFRReadOnly	0	12	17	PEAR	140	1	2	1
2376.72314453125	n/a	WORD_OFF	4867529	n/a	LTP558	ltpDelayRepFRReadOnly	0	12	17	n/a	n/a	0	n/a	0
2394.67236328125	n/a	REC_START	4904289	n/a	LTP558	ltpDelayRepFRReadOnly	0	12	n/a	n/a	n/a	0	n/a	0
2395.66943359375	n/a	REC_WORD	4906331	n/a	LTP558	ltpDelayRepFRReadOnly	0	12	n/a	BEACH	204	0	2	1
2397.09814453125	n/a	REC_WORD	4909257	n/a	LTP558	ltpDelayRepFRReadOnly	0	12	n/a	ELEPHANT	303	0	1	1
2398.13818359375	n/a	REC_WORD	4911387	n/a	LTP558	ltpDelayRepFRReadOnly	0	12	n/a	TROMBONE	177	0	1	1
2400.72314453125	n/a	REC_WORD	4916681	n/a	LTP558	ltpDelayRepFRReadOnly	0	12	n/a	DOLL	242	0	2	1
2402.1064453125	n/a	REC_WORD	4919514	n/a	LTP558	ltpDelayRepFRReadOnly	0	12	n/a	JEANS	64	0	2	1
2404.609375	n/a	REC_WORD	4924640	n/a	LTP558	ltpDelayRepFRReadOnly	0	12	n/a	PEAR	140	0	2	1
2405.6953125	n/a	REC_WORD	4926864	n/a	LTP558	ltpDelayRepFRReadOnly	0	12	n/a	CELERY	271	0	1	1
2407.1240234375	n/a	REC_WORD	4929790	n/a	LTP558	ltpDelayRepFRReadOnly	0	12	n/a	SODA	15	0	2	1
2408.5869140625	n/a	REC_WORD	4932786	n/a	LTP558	ltpDelayRepFRReadOnly	0	12	n/a	STAIRS	59	0	1	1
2409.5869140625	n/a	REC_WORD_VV	4934834	n/a	LTP558	ltpDelayRepFRReadOnly	0	12	n/a	<>	-1	0	n/a	0
2413.3369140625	n/a	REC_WORD	4942514	n/a	LTP558	ltpDelayRepFRReadOnly	0	12	n/a	DRIZZLE	296	0	2	1
2425.1796875	n/a	TRIAL_START	4966768	n/a	LTP558	ltpDelayRepFRReadOnly	0	n/a	n/a	n/a	n/a	0	n/a	0
2425.1796875	n/a	REC_END	4966768	n/a	LTP558	ltpDelayRepFRReadOnly	0	12	n/a	n/a	n/a	0	n/a	0
2434.271484375	n/a	COUNTDOWN	4985388	n/a	LTP558	ltpDelayRepFRReadOnly	0	n/a	n/a	n/a	n/a	0	n/a	0
2438.25537109375	n/a	WORD	4993547	n/a	LTP558	ltpDelayRepFRReadOnly	0	13	0	WIND	291	0	2	0
2439.85498046875	n/a	WORD_OFF	4996823	n/a	LTP558	ltpDelayRepFRReadOnly	0	13	0	n/a	n/a	0	n/a	0
2442.38818359375	n/a	WORD	5002011	n/a	LTP558	ltpDelayRepFRReadOnly	0	13	1	SPRUCE	260	1	2	0
2443.98828125	n/a	WORD_OFF	5005288	n/a	LTP558	ltpDelayRepFRReadOnly	0	13	1	n/a	n/a	0	n/a	0
2446.80517578125	n/a	WORD	5011057	n/a	LTP558	ltpDelayRepFRReadOnly	0	13	2	CABBAGE	277	1	2	0
2448.40478515625	n/a	WORD_OFF	5014333	n/a	LTP558	ltpDelayRepFRReadOnly	0	13	2	n/a	n/a	0	n/a	0
2451.337890625	n/a	WORD	5020340	n/a	LTP558	ltpDelayRepFRReadOnly	0	13	3	PIGEON	26	0	2	0
2452.93798828125	n/a	WORD_OFF	5023617	n/a	LTP558	ltpDelayRepFRReadOnly	0	13	3	n/a	n/a	0	n/a	0
2455.52099609375	n/a	WORD	5028907	n/a	LTP558	ltpDelayRepFRReadOnly	0	13	4	BALL	243	1	1	0
2457.12060546875	n/a	WORD_OFF	5032183	n/a	LTP558	ltpDelayRepFRReadOnly	0	13	4	n/a	n/a	0	n/a	0
2459.970703125	n/a	WORD	5038020	n/a	LTP558	ltpDelayRepFRReadOnly	0	13	5	PEELER	189	1	1	0
2461.57080078125	n/a	WORD_OFF	5041297	n/a	LTP558	ltpDelayRepFRReadOnly	0	13	5	n/a	n/a	0	n/a	0
2464.50439453125	n/a	WORD	5047305	n/a	LTP558	ltpDelayRepFRReadOnly	0	13	6	LEVEL	237	1	2	0
2466.1044921875	n/a	WORD_OFF	5050582	n/a	LTP558	ltpDelayRepFRReadOnly	0	13	6	n/a	n/a	0	n/a	0
2468.62060546875	n/a	WORD	5055735	n/a	LTP558	ltpDelayRepFRReadOnly	0	13	7	PETUNIA	129	1	2	0
2470.22021484375	n/a	WORD_OFF	5059011	n/a	LTP558	ltpDelayRepFRReadOnly	0	13	7	n/a	n/a	0	n/a	0
2472.8701171875	n/a	WORD	5064438	n/a	LTP558	ltpDelayRepFRReadOnly	0	13	8	WIND	291	0	2	1
2474.47021484375	n/a	WORD_OFF	5067715	n/a	LTP558	ltpDelayRepFRReadOnly	0	13	8	n/a	n/a	0	n/a	0
2476.9873046875	n/a	WORD	5072870	n/a	LTP558	ltpDelayRepFRReadOnly	0	13	9	MIXER	11	1	1	0
2478.5869140625	n/a	WORD_OFF	5076146	n/a	LTP558	ltpDelayRepFRReadOnly	0	13	9	n/a	n/a	0	n/a	0
2481.537109375	n/a	WORD	5082188	n/a	LTP558	ltpDelayRepFRReadOnly	0	13	10	FLEECE	107	0	1	0
2483.13623046875	n/a	WORD_OFF	5085463	n/a	LTP558	ltpDelayRepFRReadOnly	0	13	10	n/a	n/a	0	n/a	0
2485.7041015625	n/a	WORD	5090722	n/a	LTP558	ltpDelayRepFRReadOnly	0	13	11	FOREST	202	1	1	0
2487.302734375	n/a	WORD_OFF	5093996	n/a	LTP558	ltpDelayRepFRReadOnly	0	13	11	n/a	n/a	0	n/a	0
2489.9208984375	n/a	WORD	5099358	n/a	LTP558	ltpDelayRepFRReadOnly	0	13	12	SPRUCE	260	1	2	1
2491.52099609375	n/a	WORD_OFF	5102635	n/a	LTP558	ltpDelayRepFRReadOnly	0	13	12	n/a	n/a	0	n/a	0
2494.48681640625	n/a	WORD	5108709	n/a	LTP558	ltpDelayRepFRReadOnly	0	13	13	CABBAGE	277	1	2	1
2496.08544921875	n/a	WORD_OFF	5111983	n/a	LTP558	ltpDelayRepFRReadOnly	0	13	13	n/a	n/a	0	n/a	0
2498.986328125	n/a	WORD	5117924	n/a	LTP558	ltpDelayRepFRReadOnly	0	13	14	FOLDER	223	0	1	0
2500.58642578125	n/a	WORD_OFF	5121201	n/a	LTP558	ltpDelayRepFRReadOnly	0	13	14	n/a	n/a	0	n/a	0
2503.3525390625	n/a	WORD	5126866	n/a	LTP558	ltpDelayRepFRReadOnly	0	13	15	PIGEON	26	0	2	1
2504.95361328125	n/a	WORD_OFF	5130145	n/a	LTP558	ltpDelayRepFRReadOnly	0	13	15	n/a	n/a	0	n/a	0
2507.55322265625	n/a	WORD	5135469	n/a	LTP558	ltpDelayRepFRReadOnly	0	13	16	PETUNIA	129	1	2	1
2509.15234375	n/a	WORD_OFF	5138744	n/a	LTP558	ltpDelayRepFRReadOnly	0	13	16	n/a	n/a	0	n/a	0
2511.97021484375	n/a	WORD	5144515	n/a	LTP558	ltpDelayRepFRReadOnly	0	13	17	LEVEL	237	1	2	1
2513.5693359375	n/a	WORD_OFF	5147790	n/a	LTP558	ltpDelayRepFRReadOnly	0	13	17	n/a	n/a	0	n/a	0
2531.48681640625	n/a	REC_START	5184485	n/a	LTP558	ltpDelayRepFRReadOnly	0	13	n/a	n/a	n/a	0	n/a	0
2532.353515625	n/a	REC_WORD	5186260	n/a	LTP558	ltpDelayRepFRReadOnly	0	13	n/a	BALL	243	0	1	1
2533.5546875	n/a	REC_WORD	5188720	n/a	LTP558	ltpDelayRepFRReadOnly	0	13	n/a	MIXER	11	0	1	1
2534.70654296875	n/a	REC_WORD	5191079	n/a	LTP558	ltpDelayRepFRReadOnly	0	13	n/a	FOREST	202	0	1	1
2535.8486328125	n/a	REC_WORD	5193418	n/a	LTP558	ltpDelayRepFRReadOnly	0	13	n/a	SPRUCE	260	0	2	1
2537.49462890625	n/a	REC_WORD	5196789	n/a	LTP558	ltpDelayRepFRReadOnly	0	13	n/a	LEVEL	237	0	2	1
2544.1494140625	n/a	REC_WORD	5210418	n/a	LTP558	ltpDelayRepFRReadOnly	0	13	n/a	PEELER	189	0	1	1
2545.033203125	n/a	REC_WORD	5212228	n/a	LTP558	ltpDelayRepFRReadOnly	0	13	n/a	CABBAGE	277	0	2	1
2554.60986328125	n/a	REC_WORD_VV	5231841	n/a	LTP558	ltpDelayRepFRReadOnly	0	13	n/a	<>	-1	0	n/a	0
2556.1240234375	n/a	REC_WORD	5234942	n/a	LTP558	ltpDelayRepFRReadOnly	0	13	n/a	PETUNIA	129	0	2	1
2560.27294921875	n/a	REC_WORD	5243439	n/a	LTP558	ltpDelayRepFRReadOnly	0	13	n/a	DRESS	73	0	n/a	0
2561.99072265625	n/a	REC_END	5246957	n/a	LTP558	ltpDelayRepFRReadOnly	0	13	n/a	n/a	n/a	0	n/a	0
2561.99072265625	n/a	TRIAL_START	5246957	n/a	LTP558	ltpDelayRepFRReadOnly	0	n/a	n/a	n/a	n/a	0	n/a	0
2562.001953125	n/a	BREAK_START	5246980	n/a	LTP558	ltpDelayRepFRReadOnly	0	n/a	n/a	n/a	n/a	0	n/a	0
2563.001953125	n/a	BREAK_STOP	5249028	n/a	LTP558	ltpDelayRepFRReadOnly	0	n/a	n/a	n/a	n/a	0	n/a	0
2716.9306640625	n/a	COUNTDOWN	5564274	n/a	LTP558	ltpDelayRepFRReadOnly	0	n/a	n/a	n/a	n/a	0	n/a	0
2720.91357421875	n/a	WORD	5572431	n/a	LTP558	ltpDelayRepFRReadOnly	0	14	0	NIGHTSTAND	153	1	1	0
2722.5146484375	n/a	WORD_OFF	5575710	n/a	LTP558	ltpDelayRepFRReadOnly	0	14	0	n/a	n/a	0	n/a	0
2725.197265625	n/a	WORD	5581204	n/a	LTP558	ltpDelayRepFRReadOnly	0	14	1	CROW	30	1	1	0
2726.79736328125	n/a	WORD_OFF	5584481	n/a	LTP558	ltpDelayRepFRReadOnly	0	14	1	n/a	n/a	0	n/a	0
2729.54833984375	n/a	WORD	5590115	n/a	LTP558	ltpDelayRepFRReadOnly	0	14	2	SPINACH	269	1	2	0
2731.1484375	n/a	WORD_OFF	5593392	n/a	LTP558	ltpDelayRepFRReadOnly	0	14	2	n/a	n/a	0	n/a	0
2734.04736328125	n/a	WORD	5599329	n/a	LTP558	ltpDelayRepFRReadOnly	0	14	3	MILK	21	1	2	0
2735.64697265625	n/a	WORD_OFF	5602605	n/a	LTP558	ltpDelayRepFRReadOnly	0	14	3	n/a	n/a	0	n/a	0
2738.14697265625	n/a	WORD	5607725	n/a	LTP558	ltpDelayRepFRReadOnly	0	14	4	BASKETBALL	247	1	2	0
2739.7470703125	n/a	WORD_OFF	5611002	n/a	LTP558	ltpDelayRepFRReadOnly	0	14	4	n/a	n/a	0	n/a	0
2742.61279296875	n/a	WORD	5616871	n/a	LTP558	ltpDelayRepFRReadOnly	0	14	5	MOUSSE	84	0	1	0
2744.2138671875	n/a	WORD_OFF	5620150	n/a	LTP558	ltpDelayRepFRReadOnly	0	14	5	n/a	n/a	0	n/a	0
2746.94677734375	n/a	WORD	5625747	n/a	LTP558	ltpDelayRepFRReadOnly	0	14	6	ROOF	50	1	2	0
2748.5478515625	n/a	WORD_OFF	5629026	n/a	LTP558	ltpDelayRepFRReadOnly	0	14	6	n/a	n/a	0	n/a	0
2751.0625	n/a	WORD	5634176	n/a	LTP558	ltpDelayRepFRReadOnly	0	14	7	MOTH	166	1	2	0
2752.66259765625	n/a	WORD_OFF	5637453	n/a	LTP558	ltpDelayRepFRReadOnly	0	14	7	n/a	n/a	0	n/a	0
2755.29736328125	n/a	WORD	5642849	n/a	LTP558	ltpDelayRepFRReadOnly	0	14	8	ORCHID	130	1	2	0
2756.896484375	n/a	WORD_OFF	5646124	n/a	LTP558	ltpDelayRepFRReadOnly	0	14	8	n/a	n/a	0	n/a	0
2759.84619140625	n/a	WORD	5652165	n/a	LTP558	ltpDelayRepFRReadOnly	0	14	9	SPINACH	269	1	2	1
2761.4462890625	n/a	WORD_OFF	5655442	n/a	LTP558	ltpDelayRepFRReadOnly	0	14	9	n/a	n/a	0	n/a	0
2764.13037109375	n/a	WORD	5660939	n/a	LTP558	ltpDelayRepFRReadOnly	0	14	10	MILK	21	1	2	1
2765.73046875	n/a	WORD_OFF	5664216	n/a	LTP558	ltpDelayRepFRReadOnly	0	14	10	n/a	n/a	0	n/a	0
2768.580078125	n/a	WORD	5670052	n/a	LTP558	ltpDelayRepFRReadOnly	0	14	11	BASKETBALL	247	1	2	1
2770.18017578125	n/a	WORD_OFF	5673329	n/a	LTP558	ltpDelayRepFRReadOnly	0	14	11	n/a	n/a	0	n/a	0
2772.8798828125	n/a	WORD	5678858	n/a	LTP558	ltpDelayRepFRReadOnly	0	14	12	WHALE	211	1	1	0
2774.47900390625	n/a	WORD_OFF	5682133	n/a	LTP558	ltpDelayRepFRReadOnly	0	14	12	n/a	n/a	0	n/a	0
2777.01220703125	n/a	WORD	5687321	n/a	LTP558	ltpDelayRepFRReadOnly	0	14	13	ROOF	50	1	2	1
2778.61279296875	n/a	WORD_OFF	5690599	n/a	LTP558	ltpDelayRepFRReadOnly	0	14	13	n/a	n/a	0	n/a	0
2781.37890625	n/a	WORD	5696264	n/a	LTP558	ltpDelayRepFRReadOnly	0	14	14	MOTH	166	1	2	1
2782.97998046875	n/a	WORD_OFF	5699543	n/a	LTP558	ltpDelayRepFRReadOnly	0	14	14	n/a	n/a	0	n/a	0
2785.66259765625	n/a	WORD	5705037	n/a	LTP558	ltpDelayRepFRReadOnly	0	14	15	EYE	46	1	1	0
2787.2626953125	n/a	WORD_OFF	5708314	n/a	LTP558	ltpDelayRepFRReadOnly	0	14	15	n/a	n/a	0	n/a	0
2790.07861328125	n/a	WORD	5714081	n/a	LTP558	ltpDelayRepFRReadOnly	0	14	16	ORCHID	130	1	2	1
2791.6787109375	n/a	WORD_OFF	5717358	n/a	LTP558	ltpDelayRepFRReadOnly	0	14	16	n/a	n/a	0	n/a	0
2794.37939453125	n/a	WORD	5722889	n/a	LTP558	ltpDelayRepFRReadOnly	0	14	17	COMPUTER	87	1	1	0
2795.9794921875	n/a	WORD_OFF	5726166	n/a	LTP558	ltpDelayRepFRReadOnly	0	14	17	n/a	n/a	0	n/a	0
2813.97900390625	n/a	REC_START	5763029	n/a	LTP558	ltpDelayRepFRReadOnly	0	14	n/a	n/a	n/a	0	n/a	0
2814.7978515625	n/a	REC_WORD	5764706	n/a	LTP558	ltpDelayRepFRReadOnly	0	14	n/a	BASKETBALL	247	0	2	1
2815.7978515625	n/a	REC_WORD_VV	5766754	n/a	LTP558	ltpDelayRepFRReadOnly	0	14	n/a	<>	-1	0	n/a	0
2816.14404296875	n/a	REC_WORD	5767463	n/a	LTP558	ltpDelayRepFRReadOnly	0	14	n/a	WHALE	211	0	1	1
2817.1240234375	n/a	REC_WORD	5769470	n/a	LTP558	ltpDelayRepFRReadOnly	0	14	n/a	COMPUTER	87	0	1	1
2818.79296875	n/a	REC_WORD	5772888	n/a	LTP558	ltpDelayRepFRReadOnly	0	14	n/a	ORCHID	130	0	2	1
2820.44091796875	n/a	REC_WORD	5776263	n/a	LTP558	ltpDelayRepFRReadOnly	0	14	n/a	CROW	30	0	1	1
2821.6865234375	n/a	REC_WORD	5778814	n/a	LTP558	ltpDelayRepFRReadOnly	0	14	n/a	MOTH	166	0	2	1
2823.22265625	n/a	REC_WORD	5781960	n/a	LTP558	ltpDelayRepFRReadOnly	0	14	n/a	EYE	46	0	1	1
2824.5078125	n/a	REC_WORD	5784592	n/a	LTP558	ltpDelayRepFRReadOnly	0	14	n/a	RUTH	-1	0	n/a	0
2825.66650390625	n/a	REC_WORD	5786965	n/a	LTP558	ltpDelayRepFRReadOnly	0	14	n/a	ROOF	50	0	2	1
2828.23876953125	n/a	REC_WORD	5792233	n/a	LTP558	ltpDelayRepFRReadOnly	0	14	n/a	SPINACH	269	0	2	1
2829.6103515625	n/a	REC_WORD	5795042	n/a	LTP558	ltpDelayRepFRReadOnly	0	14	n/a	MILK	21	0	2	1
2835.25341796875	n/a	REC_WORD	5806599	n/a	LTP558	ltpDelayRepFRReadOnly	0	14	n/a	NIGHTSTAND	153	0	1	1
2844.4873046875	n/a	TRIAL_START	5825510	n/a	LTP558	ltpDelayRepFRReadOnly	0	n/a	n/a	n/a	n/a	0	n/a	0
2844.4873046875	n/a	REC_END	5825510	n/a	LTP558	ltpDelayRepFRReadOnly	0	14	n/a	n/a	n/a	0	n/a	0
2852.94482421875	n/a	COUNTDOWN	5842831	n/a	LTP558	ltpDelayRepFRReadOnly	0	n/a	n/a	n/a	n/a	0	n/a	0
2856.82763671875	n/a	WORD	5850783	n/a	LTP558	ltpDelayRepFRReadOnly	0	15	0	LETTUCE	268	0	2	0
2858.427734375	n/a	WORD_OFF	5854060	n/a	LTP558	ltpDelayRepFRReadOnly	0	15	0	n/a	n/a	0	n/a	0
2861.21142578125	n/a	WORD	5859761	n/a	LTP558	ltpDelayRepFRReadOnly	0	15	1	THUNDERSTORM	293	1	2	0
2862.8115234375	n/a	WORD_OFF	5863038	n/a	LTP558	ltpDelayRepFRReadOnly	0	15	1	n/a	n/a	0	n/a	0
2865.76171875	n/a	WORD	5869080	n/a	LTP558	ltpDelayRepFRReadOnly	0	15	2	SPANDEX	103	1	1	0
2867.361328125	n/a	WORD_OFF	5872356	n/a	LTP558	ltpDelayRepFRReadOnly	0	15	2	n/a	n/a	0	n/a	0
2869.8935546875	n/a	WORD	5877542	n/a	LTP558	ltpDelayRepFRReadOnly	0	15	3	TAPE	228	0	1	0
2871.494140625	n/a	WORD_OFF	5880820	n/a	LTP558	ltpDelayRepFRReadOnly	0	15	3	n/a	n/a	0	n/a	0
2874.17822265625	n/a	WORD	5886317	n/a	LTP558	ltpDelayRepFRReadOnly	0	15	4	MAPLE	256	1	2	0
2875.77734375	n/a	WORD_OFF	5889592	n/a	LTP558	ltpDelayRepFRReadOnly	0	15	4	n/a	n/a	0	n/a	0
2878.59423828125	n/a	WORD	5895361	n/a	LTP558	ltpDelayRepFRReadOnly	0	15	5	CUPCAKE	77	1	2	0
2880.1943359375	n/a	WORD_OFF	5898638	n/a	LTP558	ltpDelayRepFRReadOnly	0	15	5	n/a	n/a	0	n/a	0
2882.81103515625	n/a	WORD	5903997	n/a	LTP558	ltpDelayRepFRReadOnly	0	15	6	DRILL	233	1	2	0
2884.4111328125	n/a	WORD_OFF	5907274	n/a	LTP558	ltpDelayRepFRReadOnly	0	15	6	n/a	n/a	0	n/a	0
2887.2109375	n/a	WORD	5913008	n/a	LTP558	ltpDelayRepFRReadOnly	0	15	7	PANTS	63	1	1	0
2888.81103515625	n/a	WORD_OFF	5916285	n/a	LTP558	ltpDelayRepFRReadOnly	0	15	7	n/a	n/a	0	n/a	0
2891.7607421875	n/a	WORD	5922326	n/a	LTP558	ltpDelayRepFRReadOnly	0	15	8	STRAINER	187	1	1	0
2893.36083984375	n/a	WORD_OFF	5925603	n/a	LTP558	ltpDelayRepFRReadOnly	0	15	8	n/a	n/a	0	n/a	0
2896.02685546875	n/a	WORD	5931063	n/a	LTP558	ltpDelayRepFRReadOnly	0	15	9	LEG	39	1	2	0
2897.62646484375	n/a	WORD_OFF	5934339	n/a	LTP558	ltpDelayRepFRReadOnly	0	15	9	n/a	n/a	0	n/a	0
2900.2265625	n/a	WORD	5939664	n/a	LTP558	ltpDelayRepFRReadOnly	0	15	10	LETTUCE	268	0	2	1
2901.82763671875	n/a	WORD_OFF	5942943	n/a	LTP558	ltpDelayRepFRReadOnly	0	15	10	n/a	n/a	0	n/a	0
2904.3935546875	n/a	WORD	5948198	n/a	LTP558	ltpDelayRepFRReadOnly	0	15	11	THUNDERSTORM	293	1	2	1
2905.99365234375	n/a	WORD_OFF	5951475	n/a	LTP558	ltpDelayRepFRReadOnly	0	15	11	n/a	n/a	0	n/a	0
2908.79345703125	n/a	WORD	5957209	n/a	LTP558	ltpDelayRepFRReadOnly	0	15	12	MAPLE	256	1	2	1
2910.39208984375	n/a	WORD_OFF	5960483	n/a	LTP558	ltpDelayRepFRReadOnly	0	15	12	n/a	n/a	0	n/a	0
2913.14306640625	n/a	WORD	5966117	n/a	LTP558	ltpDelayRepFRReadOnly	0	15	13	CUPCAKE	77	1	2	1
2914.7431640625	n/a	WORD_OFF	5969394	n/a	LTP558	ltpDelayRepFRReadOnly	0	15	13	n/a	n/a	0	n/a	0
2917.5771484375	n/a	WORD	5975198	n/a	LTP558	ltpDelayRepFRReadOnly	0	15	14	LEG	39	1	2	1
2919.17626953125	n/a	WORD_OFF	5978473	n/a	LTP558	ltpDelayRepFRReadOnly	0	15	14	n/a	n/a	0	n/a	0
2922.10986328125	n/a	WORD	5984481	n/a	LTP558	ltpDelayRepFRReadOnly	0	15	15	SPEAKER	95	0	1	0
2923.72705078125	n/a	WORD_OFF	5987793	n/a	LTP558	ltpDelayRepFRReadOnly	0	15	15	n/a	n/a	0	n/a	0
2926.49365234375	n/a	WORD	5993459	n/a	LTP558	ltpDelayRepFRReadOnly	0	15	16	BANANA	136	0	1	0
2928.0927734375	n/a	WORD_OFF	5996734	n/a	LTP558	ltpDelayRepFRReadOnly	0	15	16	n/a	n/a	0	n/a	0
2930.60888671875	n/a	WORD	6001887	n/a	LTP558	ltpDelayRepFRReadOnly	0	15	17	DRILL	233	1	2	1
2932.2099609375	n/a	WORD_OFF	6005166	n/a	LTP558	ltpDelayRepFRReadOnly	0	15	17	n/a	n/a	0	n/a	0
2949.8251953125	n/a	REC_START	6041242	n/a	LTP558	ltpDelayRepFRReadOnly	0	15	n/a	n/a	n/a	0	n/a	0
2951.041015625	n/a	REC_WORD	6043732	n/a	LTP558	ltpDelayRepFRReadOnly	0	15	n/a	THUNDERSTORM	293	0	2	1
2952.9013671875	n/a	REC_WORD	6047542	n/a	LTP558	ltpDelayRepFRReadOnly	0	15	n/a	DRILL	233	0	2	1
2954.46533203125	n/a	REC_WORD	6050745	n/a	LTP558	ltpDelayRepFRReadOnly	0	15	n/a	MAPLE	256	0	2	1
2956.330078125	n/a	REC_WORD	6054564	n/a	LTP558	ltpDelayRepFRReadOnly	0	15	n/a	SPANDEX	103	0	1	1
2957.330078125	n/a	REC_WORD_VV	6056612	n/a	LTP558	ltpDelayRepFRReadOnly	0	15	n/a	<>	-1	0	n/a	0
2958.0380859375	n/a	REC_WORD	6058062	n/a	LTP558	ltpDelayRepFRReadOnly	0	15	n/a	PANTS	63	0	1	1
2959.2412109375	n/a	REC_WORD	6060526	n/a	LTP558	ltpDelayRepFRReadOnly	0	15	n/a	LEG	39	0	2	1
2960.59716796875	n/a	REC_WORD	6063303	n/a	LTP558	ltpDelayRepFRReadOnly	0	15	n/a	CUPCAKE	77	0	2	1
2962.875	n/a	REC_WORD	6067968	n/a	LTP558	ltpDelayRepFRReadOnly	0	15	n/a	STRAINER	187	0	1	1
2980.34521484375	n/a	REC_END	6103747	n/a	LTP558	ltpDelayRepFRReadOnly	0	15	n/a	n/a	n/a	0	n/a	0
2980.34521484375	n/a	TRIAL_START	6103747	n/a	LTP558	ltpDelayRepFRReadOnly	0	n/a	n/a	n/a	n/a	0	n/a	0
2990.09130859375	n/a	COUNTDOWN	6123707	n/a	LTP558	ltpDelayRepFRReadOnly	0	n/a	n/a	n/a	n/a	0	n/a	0
2994.125	n/a	WORD	6131968	n/a	LTP558	ltpDelayRepFRReadOnly	0	16	0	BUS	281	1	2	0
2995.72412109375	n/a	WORD_OFF	6135243	n/a	LTP558	ltpDelayRepFRReadOnly	0	16	0	n/a	n/a	0	n/a	0
2998.291015625	n/a	WORD	6140500	n/a	LTP558	ltpDelayRepFRReadOnly	0	16	1	MOUNTAIN	197	1	1	0
2999.890625	n/a	WORD_OFF	6143776	n/a	LTP558	ltpDelayRepFRReadOnly	0	16	1	n/a	n/a	0	n/a	0
3002.74072265625	n/a	WORD	6149613	n/a	LTP558	ltpDelayRepFRReadOnly	0	16	2	RADIO	90	1	2	0
3004.341796875	n/a	WORD_OFF	6152892	n/a	LTP558	ltpDelayRepFRReadOnly	0	16	2	n/a	n/a	0	n/a	0
3007.173828125	n/a	WORD	6158692	n/a	LTP558	ltpDelayRepFRReadOnly	0	16	3	BATHROOM	60	1	2	0
3008.79052734375	n/a	WORD_OFF	6162003	n/a	LTP558	ltpDelayRepFRReadOnly	0	16	3	n/a	n/a	0	n/a	0
3011.59033203125	n/a	WORD	6167737	n/a	LTP558	ltpDelayRepFRReadOnly	0	16	4	SHELF	156	1	2	0
3013.1904296875	n/a	WORD_OFF	6171014	n/a	LTP558	ltpDelayRepFRReadOnly	0	16	4	n/a	n/a	0	n/a	0
3015.75634765625	n/a	WORD	6176269	n/a	LTP558	ltpDelayRepFRReadOnly	0	16	5	CRICKET	167	0	2	0
3017.357421875	n/a	WORD_OFF	6179548	n/a	LTP558	ltpDelayRepFRReadOnly	0	16	5	n/a	n/a	0	n/a	0
3020.32421875	n/a	WORD	6185624	n/a	LTP558	ltpDelayRepFRReadOnly	0	16	6	BASS	176	1	2	0
3021.92431640625	n/a	WORD_OFF	6188901	n/a	LTP558	ltpDelayRepFRReadOnly	0	16	6	n/a	n/a	0	n/a	0
3024.57421875	n/a	WORD	6194328	n/a	LTP558	ltpDelayRepFRReadOnly	0	16	7	BUS	281	1	2	1
3026.17431640625	n/a	WORD_OFF	6197605	n/a	LTP558	ltpDelayRepFRReadOnly	0	16	7	n/a	n/a	0	n/a	0
3028.94091796875	n/a	WORD	6203271	n/a	LTP558	ltpDelayRepFRReadOnly	0	16	8	COLANDER	192	1	1	0
3030.541015625	n/a	WORD_OFF	6206548	n/a	LTP558	ltpDelayRepFRReadOnly	0	16	8	n/a	n/a	0	n/a	0
3033.07373046875	n/a	WORD	6211735	n/a	LTP558	ltpDelayRepFRReadOnly	0	16	9	PUZZLE	248	1	1	0
3034.6748046875	n/a	WORD_OFF	6215014	n/a	LTP558	ltpDelayRepFRReadOnly	0	16	9	n/a	n/a	0	n/a	0
3037.5068359375	n/a	WORD	6220814	n/a	LTP558	ltpDelayRepFRReadOnly	0	16	10	BATHROOM	60	1	2	1
3039.10693359375	n/a	WORD_OFF	6224091	n/a	LTP558	ltpDelayRepFRReadOnly	0	16	10	n/a	n/a	0	n/a	0
3041.90673828125	n/a	WORD	6229825	n/a	LTP558	ltpDelayRepFRReadOnly	0	16	11	RADIO	90	1	2	1
3043.5068359375	n/a	WORD_OFF	6233102	n/a	LTP558	ltpDelayRepFRReadOnly	0	16	11	n/a	n/a	0	n/a	0
3046.0908203125	n/a	WORD	6238394	n/a	LTP558	ltpDelayRepFRReadOnly	0	16	12	PIG	110	0	1	0
3047.6904296875	n/a	WORD_OFF	6241670	n/a	LTP558	ltpDelayRepFRReadOnly	0	16	12	n/a	n/a	0	n/a	0
3050.25634765625	n/a	WORD	6246925	n/a	LTP558	ltpDelayRepFRReadOnly	0	16	13	RAIN	290	1	1	0
3051.8564453125	n/a	WORD_OFF	6250202	n/a	LTP558	ltpDelayRepFRReadOnly	0	16	13	n/a	n/a	0	n/a	0
3054.47314453125	n/a	WORD	6255561	n/a	LTP558	ltpDelayRepFRReadOnly	0	16	14	SHELF	156	1	2	1
3056.0732421875	n/a	WORD_OFF	6258838	n/a	LTP558	ltpDelayRepFRReadOnly	0	16	14	n/a	n/a	0	n/a	0
3058.84033203125	n/a	WORD	6264505	n/a	LTP558	ltpDelayRepFRReadOnly	0	16	15	SHORTS	65	0	1	0
3060.4404296875	n/a	WORD_OFF	6267782	n/a	LTP558	ltpDelayRepFRReadOnly	0	16	15	n/a	n/a	0	n/a	0
3063.0732421875	n/a	WORD	6273174	n/a	LTP558	ltpDelayRepFRReadOnly	0	16	16	CRICKET	167	0	2	1
3064.67431640625	n/a	WORD_OFF	6276453	n/a	LTP558	ltpDelayRepFRReadOnly	0	16	16	n/a	n/a	0	n/a	0
3067.43994140625	n/a	WORD	6282117	n/a	LTP558	ltpDelayRepFRReadOnly	0	16	17	BASS	176	1	2	1
3069.0400390625	n/a	WORD_OFF	6285394	n/a	LTP558	ltpDelayRepFRReadOnly	0	16	17	n/a	n/a	0	n/a	0
3086.689453125	n/a	REC_START	6321540	n/a	LTP558	ltpDelayRepFRReadOnly	0	16	n/a	n/a	n/a	0	n/a	0
3087.7685546875	n/a	REC_WORD	6323750	n/a	LTP558	ltpDelayRepFRReadOnly	0	16	n/a	RAIN	290	0	1	1
3089.0751953125	n/a	REC_WORD	6326426	n/a	LTP558	ltpDelayRepFRReadOnly	0	16	n/a	BUS	281	0	2	1
3090.70947265625	n/a	REC_WORD	6329773	n/a	LTP558	ltpDelayRepFRReadOnly	0	16	n/a	SHELF	156	0	2	1
3092.17529296875	n/a	REC_WORD	6332775	n/a	LTP558	ltpDelayRepFRReadOnly	0	16	n/a	BATHROOM	60	0	2	1
3099.3193359375	n/a	REC_WORD	6347406	n/a	LTP558	ltpDelayRepFRReadOnly	0	16	n/a	RADIO	90	0	2	1
3100.43896484375	n/a	REC_WORD	6349699	n/a	LTP558	ltpDelayRepFRReadOnly	0	16	n/a	BASS	176	0	2	1
3101.72998046875	n/a	REC_WORD	6352343	n/a	LTP558	ltpDelayRepFRReadOnly	0	16	n/a	PUZZLE	248	0	1	1
3102.89794921875	n/a	REC_WORD	6354735	n/a	LTP558	ltpDelayRepFRReadOnly	0	16	n/a	COLANDER	192	0	1	1
3106.18896484375	n/a	REC_WORD	6361475	n/a	LTP558	ltpDelayRepFRReadOnly	0	16	n/a	MOUNTAIN	197	0	1	1
3117.19287109375	n/a	REC_END	6384011	n/a	LTP558	ltpDelayRepFRReadOnly	0	16	n/a	n/a	n/a	0	n/a	0
3117.19287109375	n/a	TRIAL_START	6384011	n/a	LTP558	ltpDelayRepFRReadOnly	0	n/a	n/a	n/a	n/a	0	n/a	0
3126.30517578125	n/a	COUNTDOWN	6402673	n/a	LTP558	ltpDelayRepFRReadOnly	0	n/a	n/a	n/a	n/a	0	n/a	0
3130.205078125	n/a	WORD	6410660	n/a	LTP558	ltpDelayRepFRReadOnly	0	17	0	ELBOW	48	0	2	0
3131.80517578125	n/a	WORD_OFF	6413937	n/a	LTP558	ltpDelayRepFRReadOnly	0	17	0	n/a	n/a	0	n/a	0
3134.3720703125	n/a	WORD	6419194	n/a	LTP558	ltpDelayRepFRReadOnly	0	17	1	DAISY	122	1	2	0
3135.97119140625	n/a	WORD_OFF	6422469	n/a	LTP558	ltpDelayRepFRReadOnly	0	17	1	n/a	n/a	0	n/a	0
3138.87109375	n/a	WORD	6428408	n/a	LTP558	ltpDelayRepFRReadOnly	0	17	2	SCREWDRIVER	230	1	2	0
3140.47119140625	n/a	WORD_OFF	6431685	n/a	LTP558	ltpDelayRepFRReadOnly	0	17	2	n/a	n/a	0	n/a	0
3143.0390625	n/a	WORD	6436944	n/a	LTP558	ltpDelayRepFRReadOnly	0	17	3	FLUTE	174	1	2	0
3144.6376953125	n/a	WORD_OFF	6440218	n/a	LTP558	ltpDelayRepFRReadOnly	0	17	3	n/a	n/a	0	n/a	0
3147.4208984375	n/a	WORD	6445918	n/a	LTP558	ltpDelayRepFRReadOnly	0	17	4	SHIRT	62	1	2	0
3149.02099609375	n/a	WORD_OFF	6449195	n/a	LTP558	ltpDelayRepFRReadOnly	0	17	4	n/a	n/a	0	n/a	0
3151.87060546875	n/a	WORD	6455031	n/a	LTP558	ltpDelayRepFRReadOnly	0	17	5	CARDINAL	29	1	1	0
3153.470703125	n/a	WORD_OFF	6458308	n/a	LTP558	ltpDelayRepFRReadOnly	0	17	5	n/a	n/a	0	n/a	0
3156.00341796875	n/a	WORD	6463495	n/a	LTP558	ltpDelayRepFRReadOnly	0	17	6	CARROT	267	1	2	0
3157.6044921875	n/a	WORD_OFF	6466774	n/a	LTP558	ltpDelayRepFRReadOnly	0	17	6	n/a	n/a	0	n/a	0
3160.50439453125	n/a	WORD	6472713	n/a	LTP558	ltpDelayRepFRReadOnly	0	17	7	SUEDE	109	1	1	0
3162.1044921875	n/a	WORD_OFF	6475990	n/a	LTP558	ltpDelayRepFRReadOnly	0	17	7	n/a	n/a	0	n/a	0
3164.96923828125	n/a	WORD	6481857	n/a	LTP558	ltpDelayRepFRReadOnly	0	17	8	BOAT	287	1	1	0
3166.5693359375	n/a	WORD_OFF	6485134	n/a	LTP558	ltpDelayRepFRReadOnly	0	17	8	n/a	n/a	0	n/a	0
3169.18701171875	n/a	WORD	6490495	n/a	LTP558	ltpDelayRepFRReadOnly	0	17	9	ELBOW	48	0	2	1
3170.7861328125	n/a	WORD_OFF	6493770	n/a	LTP558	ltpDelayRepFRReadOnly	0	17	9	n/a	n/a	0	n/a	0
3173.63720703125	n/a	WORD	6499609	n/a	LTP558	ltpDelayRepFRReadOnly	0	17	10	DAISY	122	1	2	1
3175.25390625	n/a	WORD_OFF	6502920	n/a	LTP558	ltpDelayRepFRReadOnly	0	17	10	n/a	n/a	0	n/a	0
3177.85400390625	n/a	WORD	6508245	n/a	LTP558	ltpDelayRepFRReadOnly	0	17	11	SCREWDRIVER	230	1	2	1
3179.453125	n/a	WORD_OFF	6511520	n/a	LTP558	ltpDelayRepFRReadOnly	0	17	11	n/a	n/a	0	n/a	0
3182.43701171875	n/a	WORD	6517631	n/a	LTP558	ltpDelayRepFRReadOnly	0	17	12	CHAIR	147	0	1	0
3184.03662109375	n/a	WORD_OFF	6520907	n/a	LTP558	ltpDelayRepFRReadOnly	0	17	12	n/a	n/a	0	n/a	0
3186.7197265625	n/a	WORD	6526402	n/a	LTP558	ltpDelayRepFRReadOnly	0	17	13	MARKER	227	1	1	0
3188.32080078125	n/a	WORD_OFF	6529681	n/a	LTP558	ltpDelayRepFRReadOnly	0	17	13	n/a	n/a	0	n/a	0
3191.00244140625	n/a	WORD	6535173	n/a	LTP558	ltpDelayRepFRReadOnly	0	17	14	FLUTE	174	1	2	1
3192.6025390625	n/a	WORD_OFF	6538450	n/a	LTP558	ltpDelayRepFRReadOnly	0	17	14	n/a	n/a	0	n/a	0
3195.4853515625	n/a	WORD	6544354	n/a	LTP558	ltpDelayRepFRReadOnly	0	17	15	CARROT	267	1	2	1
3197.08642578125	n/a	WORD_OFF	6547633	n/a	LTP558	ltpDelayRepFRReadOnly	0	17	15	n/a	n/a	0	n/a	0
3200.01953125	n/a	WORD	6553640	n/a	LTP558	ltpDelayRepFRReadOnly	0	17	16	HURRICANE	300	0	1	0
3201.6201171875	n/a	WORD_OFF	6556918	n/a	LTP558	ltpDelayRepFRReadOnly	0	17	16	n/a	n/a	0	n/a	0
3204.30322265625	n/a	WORD	6562413	n/a	LTP558	ltpDelayRepFRReadOnly	0	17	17	SHIRT	62	1	2	1
3205.91943359375	n/a	WORD_OFF	6565723	n/a	LTP558	ltpDelayRepFRReadOnly	0	17	17	n/a	n/a	0	n/a	0
3223.86865234375	n/a	REC_START	6602483	n/a	LTP558	ltpDelayRepFRReadOnly	0	17	n/a	n/a	n/a	0	n/a	0
3225.07958984375	n/a	REC_WORD	6604963	n/a	LTP558	ltpDelayRepFRReadOnly	0	17	n/a	CARDINAL	29	0	1	1
3228.021484375	n/a	REC_WORD	6610988	n/a	LTP558	ltpDelayRepFRReadOnly	0	17	n/a	CARROT	267	0	2	1
3229.6005859375	n/a	REC_WORD	6614222	n/a	LTP558	ltpDelayRepFRReadOnly	0	17	n/a	SCREWDRIVER	230	0	2	1
3231.0087890625	n/a	REC_WORD	6617106	n/a	LTP558	ltpDelayRepFRReadOnly	0	17	n/a	MARKER	227	0	1	1
3232.4443359375	n/a	REC_WORD	6620046	n/a	LTP558	ltpDelayRepFRReadOnly	0	17	n/a	SHIRT	62	0	2	1
3233.88623046875	n/a	REC_WORD	6622999	n/a	LTP558	ltpDelayRepFRReadOnly	0	17	n/a	SUEDE	109	0	1	1
3236.2431640625	n/a	REC_WORD	6627826	n/a	LTP558	ltpDelayRepFRReadOnly	0	17	n/a	DAISY	122	0	2	1
3242.51416015625	n/a	REC_WORD	6640669	n/a	LTP558	ltpDelayRepFRReadOnly	0	17	n/a	BOAT	287	0	1	1
3245.5361328125	n/a	REC_WORD	6646858	n/a	LTP558	ltpDelayRepFRReadOnly	0	17	n/a	FLUTE	174	0	2	1
3254.3740234375	n/a	REC_END	6664958	n/a	LTP558	ltpDelayRepFRReadOnly	0	17	n/a	n/a	n/a	0	n/a	0
3254.3740234375	n/a	TRIAL_START	6664958	n/a	LTP558	ltpDelayRepFRReadOnly	0	n/a	n/a	n/a	n/a	0	n/a	0
3263.21875	n/a	COUNTDOWN	6683072	n/a	LTP558	ltpDelayRepFRReadOnly	0	n/a	n/a	n/a	n/a	0	n/a	0
3267.1513671875	n/a	WORD	6691126	n/a	LTP558	ltpDelayRepFRReadOnly	0	18	0	BASEBALL	252	1	2	0
3268.75146484375	n/a	WORD_OFF	6694403	n/a	LTP558	ltpDelayRepFRReadOnly	0	18	0	n/a	n/a	0	n/a	0
3271.71826171875	n/a	WORD	6700479	n/a	LTP558	ltpDelayRepFRReadOnly	0	18	1	SPIDER	168	1	2	0
3273.318359375	n/a	WORD_OFF	6703756	n/a	LTP558	ltpDelayRepFRReadOnly	0	18	1	n/a	n/a	0	n/a	0
3276.0341796875	n/a	WORD	6709318	n/a	LTP558	ltpDelayRepFRReadOnly	0	18	2	CARNATION	126	1	2	0
3277.63427734375	n/a	WORD_OFF	6712595	n/a	LTP558	ltpDelayRepFRReadOnly	0	18	2	n/a	n/a	0	n/a	0
3280.30126953125	n/a	WORD	6718057	n/a	LTP558	ltpDelayRepFRReadOnly	0	18	3	ORANGUTAN	311	1	2	0
3281.9013671875	n/a	WORD_OFF	6721334	n/a	LTP558	ltpDelayRepFRReadOnly	0	18	3	n/a	n/a	0	n/a	0
3284.7509765625	n/a	WORD	6727170	n/a	LTP558	ltpDelayRepFRReadOnly	0	18	4	PENCIL	219	1	1	0
3286.35107421875	n/a	WORD_OFF	6730447	n/a	LTP558	ltpDelayRepFRReadOnly	0	18	4	n/a	n/a	0	n/a	0
3289.1181640625	n/a	WORD	6736114	n/a	LTP558	ltpDelayRepFRReadOnly	0	18	5	STREAM	195	1	2	0
3290.7177734375	n/a	WORD_OFF	6739390	n/a	LTP558	ltpDelayRepFRReadOnly	0	18	5	n/a	n/a	0	n/a	0
3293.31787109375	n/a	WORD	6744715	n/a	LTP558	ltpDelayRepFRReadOnly	0	18	6	FUDGE	81	1	2	0
3294.91796875	n/a	WORD_OFF	6747992	n/a	LTP558	ltpDelayRepFRReadOnly	0	18	6	n/a	n/a	0	n/a	0
3297.8017578125	n/a	WORD	6753898	n/a	LTP558	ltpDelayRepFRReadOnly	0	18	7	BASEBALL	252	1	2	1
3299.40087890625	n/a	WORD_OFF	6757173	n/a	LTP558	ltpDelayRepFRReadOnly	0	18	7	n/a	n/a	0	n/a	0
3301.9345703125	n/a	WORD	6762362	n/a	LTP558	ltpDelayRepFRReadOnly	0	18	8	PLANKTON	214	1	1	0
3303.53466796875	n/a	WORD_OFF	6765639	n/a	LTP558	ltpDelayRepFRReadOnly	0	18	8	n/a	n/a	0	n/a	0
3306.517578125	n/a	WORD	6771748	n/a	LTP558	ltpDelayRepFRReadOnly	0	18	9	SAW	235	0	1	0
3308.11767578125	n/a	WORD_OFF	6775025	n/a	LTP558	ltpDelayRepFRReadOnly	0	18	9	n/a	n/a	0	n/a	0
3310.8173828125	n/a	WORD	6780554	n/a	LTP558	ltpDelayRepFRReadOnly	0	18	10	SPIDER	168	1	2	1
3312.41748046875	n/a	WORD_OFF	6783831	n/a	LTP558	ltpDelayRepFRReadOnly	0	18	10	n/a	n/a	0	n/a	0
3315.400390625	n/a	WORD	6789940	n/a	LTP558	ltpDelayRepFRReadOnly	0	18	11	CARNATION	126	1	2	1
3317.0009765625	n/a	WORD_OFF	6793218	n/a	LTP558	ltpDelayRepFRReadOnly	0	18	11	n/a	n/a	0	n/a	0
3319.7001953125	n/a	WORD	6798746	n/a	LTP558	ltpDelayRepFRReadOnly	0	18	12	CAULIFLOWER	274	1	1	0
3321.30126953125	n/a	WORD_OFF	6802025	n/a	LTP558	ltpDelayRepFRReadOnly	0	18	12	n/a	n/a	0	n/a	0
3323.98388671875	n/a	WORD	6807519	n/a	LTP558	ltpDelayRepFRReadOnly	0	18	13	GOOSE	36	1	1	0
3325.583984375	n/a	WORD_OFF	6810796	n/a	LTP558	ltpDelayRepFRReadOnly	0	18	13	n/a	n/a	0	n/a	0
3328.19970703125	n/a	WORD	6816153	n/a	LTP558	ltpDelayRepFRReadOnly	0	18	14	STREAM	195	1	2	1
3329.7998046875	n/a	WORD_OFF	6819430	n/a	LTP558	ltpDelayRepFRReadOnly	0	18	14	n/a	n/a	0	n/a	0
3332.7509765625	n/a	WORD	6825474	n/a	LTP558	ltpDelayRepFRReadOnly	0	18	15	BIKE	286	1	1	0
3334.349609375	n/a	WORD_OFF	6828748	n/a	LTP558	ltpDelayRepFRReadOnly	0	18	15	n/a	n/a	0	n/a	0
3336.8994140625	n/a	WORD	6833970	n/a	LTP558	ltpDelayRepFRReadOnly	0	18	16	FUDGE	81	1	2	1
3338.49951171875	n/a	WORD_OFF	6837247	n/a	LTP558	ltpDelayRepFRReadOnly	0	18	16	n/a	n/a	0	n/a	0
3341.41650390625	n/a	WORD	6843221	n/a	LTP558	ltpDelayRepFRReadOnly	0	18	17	ORANGUTAN	311	1	2	1
3343.0166015625	n/a	WORD_OFF	6846498	n/a	LTP558	ltpDelayRepFRReadOnly	0	18	17	n/a	n/a	0	n/a	0
3360.533203125	n/a	REC_START	6882372	n/a	LTP558	ltpDelayRepFRReadOnly	0	18	n/a	n/a	n/a	0	n/a	0
3361.48193359375	n/a	REC_WORD	6884315	n/a	LTP558	ltpDelayRepFRReadOnly	0	18	n/a	PENCIL	219	0	1	1
3362.6337890625	n/a	REC_WORD	6886674	n/a	LTP558	ltpDelayRepFRReadOnly	0	18	n/a	BASEBALL	252	0	2	1
3364.02490234375	n/a	REC_WORD	6889523	n/a	LTP558	ltpDelayRepFRReadOnly	0	18	n/a	ORANGUTAN	311	0	2	1
3366.2587890625	n/a	REC_WORD	6894098	n/a	LTP558	ltpDelayRepFRReadOnly	0	18	n/a	GOOSE	36	0	1	1
3367.78369140625	n/a	REC_WORD	6897221	n/a	LTP558	ltpDelayRepFRReadOnly	0	18	n/a	CARNATION	126	0	2	1
3369.556640625	n/a	REC_WORD	6900852	n/a	LTP558	ltpDelayRepFRReadOnly	0	18	n/a	CAULIFLOWER	274	0	1	1
3370.556640625	n/a	REC_WORD_VV	6902900	n/a	LTP558	ltpDelayRepFRReadOnly	0	18	n/a	<>	-1	0	n/a	0
3373.28173828125	n/a	REC_WORD	6908481	n/a	LTP558	ltpDelayRepFRReadOnly	0	18	n/a	BIKE	286	0	1	1
3375.82275390625	n/a	REC_WORD	6913685	n/a	LTP558	ltpDelayRepFRReadOnly	0	18	n/a	SPIDER	168	0	2	1
3378.5224609375	n/a	REC_WORD	6919214	n/a	LTP558	ltpDelayRepFRReadOnly	0	18	n/a	STREAM	195	0	2	1
3379.84130859375	n/a	REC_WORD	6921915	n/a	LTP558	ltpDelayRepFRReadOnly	0	18	n/a	PLANKTON	214	0	1	1
3381.00341796875	n/a	REC_WORD	6924295	n/a	LTP558	ltpDelayRepFRReadOnly	0	18	n/a	FUDGE	81	0	2	1
3391.0400390625	n/a	REC_END	6944850	n/a	LTP558	ltpDelayRepFRReadOnly	0	18	n/a	n/a	n/a	0	n/a	0
3391.0400390625	n/a	TRIAL_START	6944850	n/a	LTP558	ltpDelayRepFRReadOnly	0	n/a	n/a	n/a	n/a	0	n/a	0
3400.53173828125	n/a	COUNTDOWN	6964289	n/a	LTP558	ltpDelayRepFRReadOnly	0	n/a	n/a	n/a	n/a	0	n/a	0
3404.4306640625	n/a	WORD	6972274	n/a	LTP558	ltpDelayRepFRReadOnly	0	19	0	ERASER	222	1	2	0
3406.03076171875	n/a	WORD_OFF	6975551	n/a	LTP558	ltpDelayRepFRReadOnly	0	19	0	n/a	n/a	0	n/a	0
3409.013671875	n/a	WORD	6981660	n/a	LTP558	ltpDelayRepFRReadOnly	0	19	1	BEE	161	1	2	0
3410.61474609375	n/a	WORD_OFF	6984939	n/a	LTP558	ltpDelayRepFRReadOnly	0	19	1	n/a	n/a	0	n/a	0
3413.3974609375	n/a	WORD	6990638	n/a	LTP558	ltpDelayRepFRReadOnly	0	19	2	COFFEE	18	0	1	0
3414.99853515625	n/a	WORD_OFF	6993917	n/a	LTP558	ltpDelayRepFRReadOnly	0	19	2	n/a	n/a	0	n/a	0
3417.6484375	n/a	WORD	6999344	n/a	LTP558	ltpDelayRepFRReadOnly	0	19	3	AXE	241	1	1	0
3419.24853515625	n/a	WORD_OFF	7002621	n/a	LTP558	ltpDelayRepFRReadOnly	0	19	3	n/a	n/a	0	n/a	0
3421.84716796875	n/a	WORD	7007943	n/a	LTP558	ltpDelayRepFRReadOnly	0	19	4	UNDERWEAR	69	1	1	0
3423.447265625	n/a	WORD_OFF	7011220	n/a	LTP558	ltpDelayRepFRReadOnly	0	19	4	n/a	n/a	0	n/a	0
3425.9970703125	n/a	WORD	7016442	n/a	LTP558	ltpDelayRepFRReadOnly	0	19	5	TRUMPET	175	1	2	0
3427.59716796875	n/a	WORD_OFF	7019719	n/a	LTP558	ltpDelayRepFRReadOnly	0	19	5	n/a	n/a	0	n/a	0
3430.4970703125	n/a	WORD	7025658	n/a	LTP558	ltpDelayRepFRReadOnly	0	19	6	RIVER	194	1	2	0
3432.09716796875	n/a	WORD_OFF	7028935	n/a	LTP558	ltpDelayRepFRReadOnly	0	19	6	n/a	n/a	0	n/a	0
3435.02978515625	n/a	WORD	7034941	n/a	LTP558	ltpDelayRepFRReadOnly	0	19	7	EAR	43	0	2	0
3436.630859375	n/a	WORD_OFF	7038220	n/a	LTP558	ltpDelayRepFRReadOnly	0	19	7	n/a	n/a	0	n/a	0
3439.48095703125	n/a	WORD	7044057	n/a	LTP558	ltpDelayRepFRReadOnly	0	19	8	LINEN	106	1	2	0
3441.07958984375	n/a	WORD_OFF	7047331	n/a	LTP558	ltpDelayRepFRReadOnly	0	19	8	n/a	n/a	0	n/a	0
3443.69775390625	n/a	WORD	7052693	n/a	LTP558	ltpDelayRepFRReadOnly	0	19	9	BEE	161	1	2	1
3445.2978515625	n/a	WORD_OFF	7055970	n/a	LTP558	ltpDelayRepFRReadOnly	0	19	9	n/a	n/a	0	n/a	0
3448.19677734375	n/a	WORD	7061907	n/a	LTP558	ltpDelayRepFRReadOnly	0	19	10	OVEN	5	1	1	0
3449.79736328125	n/a	WORD_OFF	7065185	n/a	LTP558	ltpDelayRepFRReadOnly	0	19	10	n/a	n/a	0	n/a	0
3452.49755859375	n/a	WORD	7070715	n/a	LTP558	ltpDelayRepFRReadOnly	0	19	11	ERASER	222	1	2	1
3454.09765625	n/a	WORD_OFF	7073992	n/a	LTP558	ltpDelayRepFRReadOnly	0	19	11	n/a	n/a	0	n/a	0
3456.7802734375	n/a	WORD	7079486	n/a	LTP558	ltpDelayRepFRReadOnly	0	19	12	TRUMPET	175	1	2	1
3458.38037109375	n/a	WORD_OFF	7082763	n/a	LTP558	ltpDelayRepFRReadOnly	0	19	12	n/a	n/a	0	n/a	0
3460.947265625	n/a	WORD	7088020	n/a	LTP558	ltpDelayRepFRReadOnly	0	19	13	RIVER	194	1	2	1
3462.54736328125	n/a	WORD_OFF	7091297	n/a	LTP558	ltpDelayRepFRReadOnly	0	19	13	n/a	n/a	0	n/a	0
3465.22998046875	n/a	WORD	7096791	n/a	LTP558	ltpDelayRepFRReadOnly	0	19	14	PINE	254	0	1	0
3466.830078125	n/a	WORD_OFF	7100068	n/a	LTP558	ltpDelayRepFRReadOnly	0	19	14	n/a	n/a	0	n/a	0
3469.4638671875	n/a	WORD	7105462	n/a	LTP558	ltpDelayRepFRReadOnly	0	19	15	EAR	43	0	2	1
3471.06298828125	n/a	WORD_OFF	7108737	n/a	LTP558	ltpDelayRepFRReadOnly	0	19	15	n/a	n/a	0	n/a	0
3473.72998046875	n/a	WORD	7114199	n/a	LTP558	ltpDelayRepFRReadOnly	0	19	16	HEADPHONES	94	1	1	0
3475.330078125	n/a	WORD_OFF	7117476	n/a	LTP558	ltpDelayRepFRReadOnly	0	19	16	n/a	n/a	0	n/a	0
3478.19677734375	n/a	WORD	7123347	n/a	LTP558	ltpDelayRepFRReadOnly	0	19	17	LINEN	106	1	2	1
3479.796875	n/a	WORD_OFF	7126624	n/a	LTP558	ltpDelayRepFRReadOnly	0	19	17	n/a	n/a	0	n/a	0
3497.71337890625	n/a	REC_START	7163317	n/a	LTP558	ltpDelayRepFRReadOnly	0	19	n/a	n/a	n/a	0	n/a	0
3499.8291015625	n/a	REC_WORD	7167650	n/a	LTP558	ltpDelayRepFRReadOnly	0	19	n/a	TRUMPET	175	0	2	1
3501.18408203125	n/a	REC_WORD	7170425	n/a	LTP558	ltpDelayRepFRReadOnly	0	19	n/a	AXE	241	0	1	1
3502.29736328125	n/a	REC_WORD	7172705	n/a	LTP558	ltpDelayRepFRReadOnly	0	19	n/a	OVEN	5	0	1	1
3503.9541015625	n/a	REC_WORD	7176098	n/a	LTP558	ltpDelayRepFRReadOnly	0	19	n/a	BEE	161	0	2	1
3505.10791015625	n/a	REC_WORD	7178461	n/a	LTP558	ltpDelayRepFRReadOnly	0	19	n/a	HEADPHONES	94	0	1	1
3506.10791015625	n/a	REC_WORD_VV	7180509	n/a	LTP558	ltpDelayRepFRReadOnly	0	19	n/a	<>	-1	0	n/a	0
3507.048828125	n/a	REC_WORD	7182436	n/a	LTP558	ltpDelayRepFRReadOnly	0	19	n/a	ERASER	222	0	2	1
3509.64892578125	n/a	REC_WORD	7187761	n/a	LTP558	ltpDelayRepFRReadOnly	0	19	n/a	UNDERWEAR	69	0	1	1
3510.666015625	n/a	REC_WORD	7189844	n/a	LTP558	ltpDelayRepFRReadOnly	0	19	n/a	LINEN	106	0	2	1
3512.32861328125	n/a	REC_WORD	7193249	n/a	LTP558	ltpDelayRepFRReadOnly	0	19	n/a	RIVER	194	0	2	1
3517.54150390625	n/a	REC_WORD	7203925	n/a	LTP558	ltpDelayRepFRReadOnly	0	19	n/a	TREE	-1	0	n/a	0
3528.21630859375	n/a	TRIAL_START	7225787	n/a	LTP558	ltpDelayRepFRReadOnly	0	n/a	n/a	n/a	n/a	0	n/a	0
3528.21630859375	n/a	REC_END	7225787	n/a	LTP558	ltpDelayRepFRReadOnly	0	19	n/a	n/a	n/a	0	n/a	0
3540.09521484375	n/a	COUNTDOWN	7250115	n/a	LTP558	ltpDelayRepFRReadOnly	0	n/a	n/a	n/a	n/a	0	n/a	0
3543.97802734375	n/a	WORD	7258067	n/a	LTP558	ltpDelayRepFRReadOnly	0	20	0	ISLAND	205	1	1	0
3545.578125	n/a	WORD_OFF	7261344	n/a	LTP558	ltpDelayRepFRReadOnly	0	20	0	n/a	n/a	0	n/a	0
3548.3779296875	n/a	WORD	7267078	n/a	LTP558	ltpDelayRepFRReadOnly	0	20	1	BLENDER	10	1	2	0
3549.97802734375	n/a	WORD_OFF	7270355	n/a	LTP558	ltpDelayRepFRReadOnly	0	20	1	n/a	n/a	0	n/a	0
3552.66162109375	n/a	WORD	7275851	n/a	LTP558	ltpDelayRepFRReadOnly	0	20	2	LOBSTER	209	1	2	0
3554.26171875	n/a	WORD_OFF	7279128	n/a	LTP558	ltpDelayRepFRReadOnly	0	20	2	n/a	n/a	0	n/a	0
3557.2275390625	n/a	WORD	7285202	n/a	LTP558	ltpDelayRepFRReadOnly	0	20	3	WALL	53	1	2	0
3558.82763671875	n/a	WORD_OFF	7288479	n/a	LTP558	ltpDelayRepFRReadOnly	0	20	3	n/a	n/a	0	n/a	0
3561.82763671875	n/a	WORD	7294623	n/a	LTP558	ltpDelayRepFRReadOnly	0	20	4	TUBA	179	0	1	0
3563.42724609375	n/a	WORD_OFF	7297899	n/a	LTP558	ltpDelayRepFRReadOnly	0	20	4	n/a	n/a	0	n/a	0
3566.361328125	n/a	WORD	7303908	n/a	LTP558	ltpDelayRepFRReadOnly	0	20	5	ANT	158	1	2	0
3567.96142578125	n/a	WORD_OFF	7307185	n/a	LTP558	ltpDelayRepFRReadOnly	0	20	5	n/a	n/a	0	n/a	0
3570.62841796875	n/a	WORD	7312647	n/a	LTP558	ltpDelayRepFRReadOnly	0	20	6	WHISK	186	1	2	0
3572.22705078125	n/a	WORD_OFF	7315921	n/a	LTP558	ltpDelayRepFRReadOnly	0	20	6	n/a	n/a	0	n/a	0
3574.861328125	n/a	WORD	7321316	n/a	LTP558	ltpDelayRepFRReadOnly	0	20	7	MONKEY	302	1	1	0
3576.4609375	n/a	WORD_OFF	7324592	n/a	LTP558	ltpDelayRepFRReadOnly	0	20	7	n/a	n/a	0	n/a	0
3579.11083984375	n/a	WORD	7330019	n/a	LTP558	ltpDelayRepFRReadOnly	0	20	8	WILLOW	261	1	2	0
3580.7099609375	n/a	WORD_OFF	7333294	n/a	LTP558	ltpDelayRepFRReadOnly	0	20	8	n/a	n/a	0	n/a	0
3583.64404296875	n/a	WORD	7339303	n/a	LTP558	ltpDelayRepFRReadOnly	0	20	9	MICROWAVE	97	1	1	0
3585.24365234375	n/a	WORD_OFF	7342579	n/a	LTP558	ltpDelayRepFRReadOnly	0	20	9	n/a	n/a	0	n/a	0
3588.11083984375	n/a	WORD	7348451	n/a	LTP558	ltpDelayRepFRReadOnly	0	20	10	LOBSTER	209	1	2	1
3589.7109375	n/a	WORD_OFF	7351728	n/a	LTP558	ltpDelayRepFRReadOnly	0	20	10	n/a	n/a	0	n/a	0
3592.44384765625	n/a	WORD	7357325	n/a	LTP558	ltpDelayRepFRReadOnly	0	20	11	BLENDER	10	1	2	1
3594.04345703125	n/a	WORD_OFF	7360601	n/a	LTP558	ltpDelayRepFRReadOnly	0	20	11	n/a	n/a	0	n/a	0
3596.677734375	n/a	WORD	7365996	n/a	LTP558	ltpDelayRepFRReadOnly	0	20	12	ANT	158	1	2	1
3598.2763671875	n/a	WORD_OFF	7369270	n/a	LTP558	ltpDelayRepFRReadOnly	0	20	12	n/a	n/a	0	n/a	0
3601.24365234375	n/a	WORD	7375347	n/a	LTP558	ltpDelayRepFRReadOnly	0	20	13	SATIN	102	0	1	0
3602.84326171875	n/a	WORD_OFF	7378623	n/a	LTP558	ltpDelayRepFRReadOnly	0	20	13	n/a	n/a	0	n/a	0
3605.76025390625	n/a	WORD	7384597	n/a	LTP558	ltpDelayRepFRReadOnly	0	20	14	WALL	53	1	2	1
3607.3603515625	n/a	WORD_OFF	7387874	n/a	LTP558	ltpDelayRepFRReadOnly	0	20	14	n/a	n/a	0	n/a	0
3609.9931640625	n/a	WORD	7393266	n/a	LTP558	ltpDelayRepFRReadOnly	0	20	15	WILLOW	261	1	2	1
3611.59326171875	n/a	WORD_OFF	7396543	n/a	LTP558	ltpDelayRepFRReadOnly	0	20	15	n/a	n/a	0	n/a	0
3614.56005859375	n/a	WORD	7402619	n/a	LTP558	ltpDelayRepFRReadOnly	0	20	16	FRISBEE	249	1	1	0
3616.16015625	n/a	WORD_OFF	7405896	n/a	LTP558	ltpDelayRepFRReadOnly	0	20	16	n/a	n/a	0	n/a	0
3619.009765625	n/a	WORD	7411732	n/a	LTP558	ltpDelayRepFRReadOnly	0	20	17	WHISK	186	1	2	1
3620.60986328125	n/a	WORD_OFF	7415009	n/a	LTP558	ltpDelayRepFRReadOnly	0	20	17	n/a	n/a	0	n/a	0
3638.4423828125	n/a	REC_START	7451530	n/a	LTP558	ltpDelayRepFRReadOnly	0	20	n/a	n/a	n/a	0	n/a	0
3639.57958984375	n/a	REC_WORD	7453859	n/a	LTP558	ltpDelayRepFRReadOnly	0	20	n/a	WALL	53	0	2	1
3640.9794921875	n/a	REC_WORD	7456726	n/a	LTP558	ltpDelayRepFRReadOnly	0	20	n/a	WILLOW	261	0	2	1
3642.55419921875	n/a	REC_WORD	7459951	n/a	LTP558	ltpDelayRepFRReadOnly	0	20	n/a	ISLAND	205	0	1	1
3643.96728515625	n/a	REC_WORD	7462845	n/a	LTP558	ltpDelayRepFRReadOnly	0	20	n/a	MONKEY	302	0	1	1
3645.51318359375	n/a	REC_WORD	7466011	n/a	LTP558	ltpDelayRepFRReadOnly	0	20	n/a	WHISK	186	0	2	1
3646.6689453125	n/a	REC_WORD	7468378	n/a	LTP558	ltpDelayRepFRReadOnly	0	20	n/a	MICROWAVE	97	0	1	1
3648.14501953125	n/a	REC_WORD	7471401	n/a	LTP558	ltpDelayRepFRReadOnly	0	20	n/a	LOBSTER	209	0	2	1
3649.92822265625	n/a	REC_WORD	7475053	n/a	LTP558	ltpDelayRepFRReadOnly	0	20	n/a	ANT	158	0	2	1
3650.97021484375	n/a	REC_WORD	7477187	n/a	LTP558	ltpDelayRepFRReadOnly	0	20	n/a	BLENDER	10	0	2	1
3657.86572265625	n/a	REC_WORD	7491309	n/a	LTP558	ltpDelayRepFRReadOnly	0	20	n/a	FRISBEE	249	0	1	1
3668.943359375	n/a	REC_END	7513996	n/a	LTP558	ltpDelayRepFRReadOnly	0	20	n/a	n/a	n/a	0	n/a	0
3668.943359375	n/a	SESS_END	7513996	n/a	LTP558	ltpDelayRepFRReadOnly	0	n/a	n/a	n/a	n/a	0	n/a	0
