mstime	trial_type	stim_file	subject	experiment	session	list	serialpos	item_name	item_num	recalled	repeats	is_repeat
0	SESS_START	n/a	LTP553	ltpDelayRepFRReadOnly	3	0	n/a	n/a	n/a	0	n/a	0
232611	TRIAL_START	n/a	LTP553	ltpDelayRepFRReadOnly	3	n/a	n/a	n/a	n/a	0	n/a	0
247860	COUNTDOWN	n/a	LTP553	ltpDelayRepFRReadOnly	3	n/a	n/a	n/a	n/a	0	n/a	0
251944	WORD	n/a	LTP553	ltpDelayRepFRReadOnly	3	0	0	COUCH	148	1	2	0
253544	WORD_OFF	n/a	LTP553	ltpDelayRepFRReadOnly	3	0	0	n/a	n/a	0	n/a	0
256445	WORD	n/a	LTP553	ltpDelayRepFRReadOnly	3	0	1	LIGHTNING	297	1	1	0
258044	WORD_OFF	n/a	LTP553	ltpDelayRepFRReadOnly	3	0	1	n/a	n/a	0	n/a	0
260777	WORD	n/a	LTP553	ltpDelayRepFRReadOnly	3	0	2	SCOOTER	288	1	2	0
262394	WORD_OFF	n/a	LTP553	ltpDelayRepFRReadOnly	3	0	2	n/a	n/a	0	n/a	0
265027	WORD	n/a	LTP553	ltpDelayRepFRReadOnly	3	0	3	KNIFE	183	1	2	0
266627	WORD_OFF	n/a	LTP553	ltpDelayRepFRReadOnly	3	0	3	n/a	n/a	0	n/a	0
269327	WORD	n/a	LTP553	ltpDelayRepFRReadOnly	3	0	4	VIOLET	127	1	2	0
270927	WORD_OFF	n/a	LTP553	ltpDelayRepFRReadOnly	3	0	4	n/a	n/a	0	n/a	0
273477	WORD	n/a	LTP553	ltpDelayRepFRReadOnly	3	0	5	ROBIN	28	1	2	0
275078	WORD_OFF	n/a	LTP553	ltpDelayRepFRReadOnly	3	0	5	n/a	n/a	0	n/a	0
277677	WORD	n/a	LTP553	ltpDelayRepFRReadOnly	3	0	6	PANDA	313	1	1	0
279277	WORD_OFF	n/a	LTP553	ltpDelayRepFRReadOnly	3	0	6	n/a	n/a	0	n/a	0
282211	WORD	n/a	LTP553	ltpDelayRepFRReadOnly	3	0	7	SPEAKER	95	1	2	0
283828	WORD_OFF	n/a	LTP553	ltpDelayRepFRReadOnly	3	0	7	n/a	n/a	0	n/a	0
286811	WORD	n/a	LTP553	ltpDelayRepFRReadOnly	3	0	8	SCOOTER	288	1	2	1
288412	WORD_OFF	n/a	LTP553	ltpDelayRepFRReadOnly	3	0	8	n/a	n/a	0	n/a	0
291145	WORD	n/a	LTP553	ltpDelayRepFRReadOnly	3	0	9	CEDAR	262	1	1	0
292744	WORD_OFF	n/a	LTP553	ltpDelayRepFRReadOnly	3	0	9	n/a	n/a	0	n/a	0
295628	WORD	n/a	LTP553	ltpDelayRepFRReadOnly	3	0	10	COUCH	148	1	2	1
297227	WORD_OFF	n/a	LTP553	ltpDelayRepFRReadOnly	3	0	10	n/a	n/a	0	n/a	0
299927	WORD	n/a	LTP553	ltpDelayRepFRReadOnly	3	0	11	HAND	42	0	1	0
301527	WORD_OFF	n/a	LTP553	ltpDelayRepFRReadOnly	3	0	11	n/a	n/a	0	n/a	0
304027	WORD	n/a	LTP553	ltpDelayRepFRReadOnly	3	0	12	KNIFE	183	1	2	1
305628	WORD_OFF	n/a	LTP553	ltpDelayRepFRReadOnly	3	0	12	n/a	n/a	0	n/a	0
308161	WORD	n/a	LTP553	ltpDelayRepFRReadOnly	3	0	13	FOUNDATION	57	0	1	0
309761	WORD_OFF	n/a	LTP553	ltpDelayRepFRReadOnly	3	0	13	n/a	n/a	0	n/a	0
312311	WORD	n/a	LTP553	ltpDelayRepFRReadOnly	3	0	14	ROBIN	28	1	2	1
313912	WORD_OFF	n/a	LTP553	ltpDelayRepFRReadOnly	3	0	14	n/a	n/a	0	n/a	0
316512	WORD	n/a	LTP553	ltpDelayRepFRReadOnly	3	0	15	ROOSTER	115	0	1	0
318111	WORD_OFF	n/a	LTP553	ltpDelayRepFRReadOnly	3	0	15	n/a	n/a	0	n/a	0
320944	WORD	n/a	LTP553	ltpDelayRepFRReadOnly	3	0	16	VIOLET	127	1	2	1
322545	WORD_OFF	n/a	LTP553	ltpDelayRepFRReadOnly	3	0	16	n/a	n/a	0	n/a	0
325111	WORD	n/a	LTP553	ltpDelayRepFRReadOnly	3	0	17	SPEAKER	95	1	2	1
326711	WORD_OFF	n/a	LTP553	ltpDelayRepFRReadOnly	3	0	17	n/a	n/a	0	n/a	0
344361	REC_START	n/a	LTP553	ltpDelayRepFRReadOnly	3	0	n/a	n/a	n/a	0	n/a	0
345208	REC_WORD	n/a	LTP553	ltpDelayRepFRReadOnly	3	0	n/a	COUCH	148	0	2	1
346041	REC_WORD	n/a	LTP553	ltpDelayRepFRReadOnly	3	0	n/a	LIGHTNING	297	0	1	1
347086	REC_WORD	n/a	LTP553	ltpDelayRepFRReadOnly	3	0	n/a	KNIFE	183	0	2	1
348106	REC_WORD	n/a	LTP553	ltpDelayRepFRReadOnly	3	0	n/a	SCOOTER	288	0	2	1
349518	REC_WORD	n/a	LTP553	ltpDelayRepFRReadOnly	3	0	n/a	ROBIN	28	0	2	1
350702	REC_WORD	n/a	LTP553	ltpDelayRepFRReadOnly	3	0	n/a	VIOLET	127	0	2	1
351845	REC_WORD	n/a	LTP553	ltpDelayRepFRReadOnly	3	0	n/a	PANDA	313	0	1	1
352875	REC_WORD	n/a	LTP553	ltpDelayRepFRReadOnly	3	0	n/a	SPEAKER	95	0	2	1
359759	REC_WORD	n/a	LTP553	ltpDelayRepFRReadOnly	3	0	n/a	CEDAR	262	0	1	1
374863	REC_END	n/a	LTP553	ltpDelayRepFRReadOnly	3	0	n/a	n/a	n/a	0	n/a	0
397978	TRIAL_START	n/a	LTP553	ltpDelayRepFRReadOnly	3	n/a	n/a	n/a	n/a	0	n/a	0
406278	COUNTDOWN	n/a	LTP553	ltpDelayRepFRReadOnly	3	n/a	n/a	n/a	n/a	0	n/a	0
410311	WORD	n/a	LTP553	ltpDelayRepFRReadOnly	3	1	0	MOTORCYCLE	283	1	1	0
411911	WORD_OFF	n/a	LTP553	ltpDelayRepFRReadOnly	3	1	0	n/a	n/a	0	n/a	0
414561	WORD	n/a	LTP553	ltpDelayRepFRReadOnly	3	1	1	SNOW	295	1	1	0
416161	WORD_OFF	n/a	LTP553	ltpDelayRepFRReadOnly	3	1	1	n/a	n/a	0	n/a	0
418928	WORD	n/a	LTP553	ltpDelayRepFRReadOnly	3	1	2	HICKORY	263	1	2	0
420528	WORD_OFF	n/a	LTP553	ltpDelayRepFRReadOnly	3	1	2	n/a	n/a	0	n/a	0
423411	WORD	n/a	LTP553	ltpDelayRepFRReadOnly	3	1	3	FRISBEE	249	1	2	0
425011	WORD_OFF	n/a	LTP553	ltpDelayRepFRReadOnly	3	1	3	n/a	n/a	0	n/a	0
427995	WORD	n/a	LTP553	ltpDelayRepFRReadOnly	3	1	4	BEE	161	1	1	0
429595	WORD_OFF	n/a	LTP553	ltpDelayRepFRReadOnly	3	1	4	n/a	n/a	0	n/a	0
432395	WORD	n/a	LTP553	ltpDelayRepFRReadOnly	3	1	5	LINEN	106	1	2	0
433994	WORD_OFF	n/a	LTP553	ltpDelayRepFRReadOnly	3	1	5	n/a	n/a	0	n/a	0
436628	WORD	n/a	LTP553	ltpDelayRepFRReadOnly	3	1	6	WRENCH	232	0	2	0
438228	WORD_OFF	n/a	LTP553	ltpDelayRepFRReadOnly	3	1	6	n/a	n/a	0	n/a	0
440894	WORD	n/a	LTP553	ltpDelayRepFRReadOnly	3	1	7	BED	146	0	2	0
442494	WORD_OFF	n/a	LTP553	ltpDelayRepFRReadOnly	3	1	7	n/a	n/a	0	n/a	0
445461	WORD	n/a	LTP553	ltpDelayRepFRReadOnly	3	1	8	CUCUMBER	272	0	1	0
447061	WORD_OFF	n/a	LTP553	ltpDelayRepFRReadOnly	3	1	8	n/a	n/a	0	n/a	0
449695	WORD	n/a	LTP553	ltpDelayRepFRReadOnly	3	1	9	WATER	16	1	2	0
451294	WORD_OFF	n/a	LTP553	ltpDelayRepFRReadOnly	3	1	9	n/a	n/a	0	n/a	0
453895	WORD	n/a	LTP553	ltpDelayRepFRReadOnly	3	1	10	HICKORY	263	1	2	1
455495	WORD_OFF	n/a	LTP553	ltpDelayRepFRReadOnly	3	1	10	n/a	n/a	0	n/a	0
458345	WORD	n/a	LTP553	ltpDelayRepFRReadOnly	3	1	11	LINEN	106	1	2	1
459945	WORD_OFF	n/a	LTP553	ltpDelayRepFRReadOnly	3	1	11	n/a	n/a	0	n/a	0
462611	WORD	n/a	LTP553	ltpDelayRepFRReadOnly	3	1	12	FRISBEE	249	1	2	1
464211	WORD_OFF	n/a	LTP553	ltpDelayRepFRReadOnly	3	1	12	n/a	n/a	0	n/a	0
466994	WORD	n/a	LTP553	ltpDelayRepFRReadOnly	3	1	13	WRENCH	232	0	2	1
468594	WORD_OFF	n/a	LTP553	ltpDelayRepFRReadOnly	3	1	13	n/a	n/a	0	n/a	0
471179	WORD	n/a	LTP553	ltpDelayRepFRReadOnly	3	1	14	BEACH	204	1	1	0
472778	WORD_OFF	n/a	LTP553	ltpDelayRepFRReadOnly	3	1	14	n/a	n/a	0	n/a	0
475311	WORD	n/a	LTP553	ltpDelayRepFRReadOnly	3	1	15	BED	146	0	2	1
476912	WORD_OFF	n/a	LTP553	ltpDelayRepFRReadOnly	3	1	15	n/a	n/a	0	n/a	0
479694	WORD	n/a	LTP553	ltpDelayRepFRReadOnly	3	1	16	LILAC	132	1	1	0
481294	WORD_OFF	n/a	LTP553	ltpDelayRepFRReadOnly	3	1	16	n/a	n/a	0	n/a	0
484144	WORD	n/a	LTP553	ltpDelayRepFRReadOnly	3	1	17	WATER	16	1	2	1
485745	WORD_OFF	n/a	LTP553	ltpDelayRepFRReadOnly	3	1	17	n/a	n/a	0	n/a	0
503345	REC_START	n/a	LTP553	ltpDelayRepFRReadOnly	3	1	n/a	n/a	n/a	0	n/a	0
504164	REC_WORD	n/a	LTP553	ltpDelayRepFRReadOnly	3	1	n/a	WATER	16	0	2	1
505045	REC_WORD	n/a	LTP553	ltpDelayRepFRReadOnly	3	1	n/a	LILAC	132	0	1	1
506229	REC_WORD	n/a	LTP553	ltpDelayRepFRReadOnly	3	1	n/a	BEACH	204	0	1	1
507132	REC_WORD	n/a	LTP553	ltpDelayRepFRReadOnly	3	1	n/a	FRISBEE	249	0	2	1
508355	REC_WORD	n/a	LTP553	ltpDelayRepFRReadOnly	3	1	n/a	MOTORCYCLE	283	0	1	1
509536	REC_WORD	n/a	LTP553	ltpDelayRepFRReadOnly	3	1	n/a	SNOW	295	0	1	1
511135	REC_WORD	n/a	LTP553	ltpDelayRepFRReadOnly	3	1	n/a	HICKORY	263	0	2	1
512578	REC_WORD	n/a	LTP553	ltpDelayRepFRReadOnly	3	1	n/a	LINEN	106	0	2	1
513979	REC_WORD	n/a	LTP553	ltpDelayRepFRReadOnly	3	1	n/a	BEE	161	0	1	1
521092	REC_WORD	n/a	LTP553	ltpDelayRepFRReadOnly	3	1	n/a	FRISBEE	249	0	2	1
533848	REC_END	n/a	LTP553	ltpDelayRepFRReadOnly	3	1	n/a	n/a	n/a	0	n/a	0
533848	TRIAL_START	n/a	LTP553	ltpDelayRepFRReadOnly	3	n/a	n/a	n/a	n/a	0	n/a	0
547629	COUNTDOWN	n/a	LTP553	ltpDelayRepFRReadOnly	3	n/a	n/a	n/a	n/a	0	n/a	0
551579	WORD	n/a	LTP553	ltpDelayRepFRReadOnly	3	2	0	FLOOR	54	1	2	0
553178	WORD_OFF	n/a	LTP553	ltpDelayRepFRReadOnly	3	2	0	n/a	n/a	0	n/a	0
556179	WORD	n/a	LTP553	ltpDelayRepFRReadOnly	3	2	1	PANTS	63	1	1	0
557779	WORD_OFF	n/a	LTP553	ltpDelayRepFRReadOnly	3	2	1	n/a	n/a	0	n/a	0
560512	WORD	n/a	LTP553	ltpDelayRepFRReadOnly	3	2	2	PLUM	143	1	1	0
562112	WORD_OFF	n/a	LTP553	ltpDelayRepFRReadOnly	3	2	2	n/a	n/a	0	n/a	0
564661	WORD	n/a	LTP553	ltpDelayRepFRReadOnly	3	2	3	PEAS	270	1	2	0
566262	WORD_OFF	n/a	LTP553	ltpDelayRepFRReadOnly	3	2	3	n/a	n/a	0	n/a	0
569229	WORD	n/a	LTP553	ltpDelayRepFRReadOnly	3	2	4	FOOT	38	1	2	0
570845	WORD_OFF	n/a	LTP553	ltpDelayRepFRReadOnly	3	2	4	n/a	n/a	0	n/a	0
573712	WORD	n/a	LTP553	ltpDelayRepFRReadOnly	3	2	5	HEADPHONES	94	1	2	0
575312	WORD_OFF	n/a	LTP553	ltpDelayRepFRReadOnly	3	2	5	n/a	n/a	0	n/a	0
578112	WORD	n/a	LTP553	ltpDelayRepFRReadOnly	3	2	6	SILK	99	1	2	0
579712	WORD_OFF	n/a	LTP553	ltpDelayRepFRReadOnly	3	2	6	n/a	n/a	0	n/a	0
582329	WORD	n/a	LTP553	ltpDelayRepFRReadOnly	3	2	7	SANDER	238	1	1	0
583928	WORD_OFF	n/a	LTP553	ltpDelayRepFRReadOnly	3	2	7	n/a	n/a	0	n/a	0
586446	WORD	n/a	LTP553	ltpDelayRepFRReadOnly	3	2	8	FINCH	35	0	2	0
588045	WORD_OFF	n/a	LTP553	ltpDelayRepFRReadOnly	3	2	8	n/a	n/a	0	n/a	0
590712	WORD	n/a	LTP553	ltpDelayRepFRReadOnly	3	2	9	PEAS	270	1	2	1
592312	WORD_OFF	n/a	LTP553	ltpDelayRepFRReadOnly	3	2	9	n/a	n/a	0	n/a	0
595129	WORD	n/a	LTP553	ltpDelayRepFRReadOnly	3	2	10	WOODS	201	1	1	0
596729	WORD_OFF	n/a	LTP553	ltpDelayRepFRReadOnly	3	2	10	n/a	n/a	0	n/a	0
599246	WORD	n/a	LTP553	ltpDelayRepFRReadOnly	3	2	11	FLOOR	54	1	2	1
600845	WORD_OFF	n/a	LTP553	ltpDelayRepFRReadOnly	3	2	11	n/a	n/a	0	n/a	0
603562	WORD	n/a	LTP553	ltpDelayRepFRReadOnly	3	2	12	FOOT	38	1	2	1
605162	WORD_OFF	n/a	LTP553	ltpDelayRepFRReadOnly	3	2	12	n/a	n/a	0	n/a	0
607729	WORD	n/a	LTP553	ltpDelayRepFRReadOnly	3	2	13	HEADPHONES	94	1	2	1
609328	WORD_OFF	n/a	LTP553	ltpDelayRepFRReadOnly	3	2	13	n/a	n/a	0	n/a	0
612079	WORD	n/a	LTP553	ltpDelayRepFRReadOnly	3	2	14	FLUTE	174	1	1	0
613678	WORD_OFF	n/a	LTP553	ltpDelayRepFRReadOnly	3	2	14	n/a	n/a	0	n/a	0
616595	WORD	n/a	LTP553	ltpDelayRepFRReadOnly	3	2	15	SILK	99	1	2	1
618196	WORD_OFF	n/a	LTP553	ltpDelayRepFRReadOnly	3	2	15	n/a	n/a	0	n/a	0
620945	WORD	n/a	LTP553	ltpDelayRepFRReadOnly	3	2	16	FINCH	35	0	2	1
622545	WORD_OFF	n/a	LTP553	ltpDelayRepFRReadOnly	3	2	16	n/a	n/a	0	n/a	0
625228	WORD	n/a	LTP553	ltpDelayRepFRReadOnly	3	2	17	ZEBRA	308	1	1	0
626828	WORD_OFF	n/a	LTP553	ltpDelayRepFRReadOnly	3	2	17	n/a	n/a	0	n/a	0
644345	REC_START	n/a	LTP553	ltpDelayRepFRReadOnly	3	2	n/a	n/a	n/a	0	n/a	0
645118	REC_WORD	n/a	LTP553	ltpDelayRepFRReadOnly	3	2	n/a	ZEBRA	308	0	1	1
646247	REC_WORD	n/a	LTP553	ltpDelayRepFRReadOnly	3	2	n/a	WOODS	201	0	1	1
647401	REC_WORD	n/a	LTP553	ltpDelayRepFRReadOnly	3	2	n/a	PANTS	63	0	1	1
649160	REC_WORD	n/a	LTP553	ltpDelayRepFRReadOnly	3	2	n/a	FLOOR	54	0	2	1
650772	REC_WORD	n/a	LTP553	ltpDelayRepFRReadOnly	3	2	n/a	PLUM	143	0	1	1
651994	REC_WORD	n/a	LTP553	ltpDelayRepFRReadOnly	3	2	n/a	PEAS	270	0	2	1
653071	REC_WORD	n/a	LTP553	ltpDelayRepFRReadOnly	3	2	n/a	FOOT	38	0	2	1
654223	REC_WORD	n/a	LTP553	ltpDelayRepFRReadOnly	3	2	n/a	SANDER	238	0	1	1
655485	REC_WORD	n/a	LTP553	ltpDelayRepFRReadOnly	3	2	n/a	SILK	99	0	2	1
656638	REC_WORD	n/a	LTP553	ltpDelayRepFRReadOnly	3	2	n/a	HEADPHONES	94	0	2	1
657638	REC_WORD_VV	n/a	LTP553	ltpDelayRepFRReadOnly	3	2	n/a	<>	-1	0	n/a	0
658312	REC_WORD	n/a	LTP553	ltpDelayRepFRReadOnly	3	2	n/a	FLUTE	174	0	1	1
665061	REC_WORD	n/a	LTP553	ltpDelayRepFRReadOnly	3	2	n/a	SANDER	238	0	1	1
674849	REC_END	n/a	LTP553	ltpDelayRepFRReadOnly	3	2	n/a	n/a	n/a	0	n/a	0
674849	TRIAL_START	n/a	LTP553	ltpDelayRepFRReadOnly	3	n/a	n/a	n/a	n/a	0	n/a	0
683979	COUNTDOWN	n/a	LTP553	ltpDelayRepFRReadOnly	3	n/a	n/a	n/a	n/a	0	n/a	0
687962	WORD	n/a	LTP553	ltpDelayRepFRReadOnly	3	3	0	TONGS	191	1	2	0
689562	WORD_OFF	n/a	LTP553	ltpDelayRepFRReadOnly	3	3	0	n/a	n/a	0	n/a	0
692396	WORD	n/a	LTP553	ltpDelayRepFRReadOnly	3	3	1	EAR	43	1	1	0
693995	WORD_OFF	n/a	LTP553	ltpDelayRepFRReadOnly	3	3	1	n/a	n/a	0	n/a	0
696562	WORD	n/a	LTP553	ltpDelayRepFRReadOnly	3	3	2	CROWBAR	240	1	2	0
698162	WORD_OFF	n/a	LTP553	ltpDelayRepFRReadOnly	3	3	2	n/a	n/a	0	n/a	0
701063	WORD	n/a	LTP553	ltpDelayRepFRReadOnly	3	3	3	WASHER	3	1	1	0
702663	WORD_OFF	n/a	LTP553	ltpDelayRepFRReadOnly	3	3	3	n/a	n/a	0	n/a	0
705278	WORD	n/a	LTP553	ltpDelayRepFRReadOnly	3	3	4	JACKET	68	1	2	0
706878	WORD_OFF	n/a	LTP553	ltpDelayRepFRReadOnly	3	3	4	n/a	n/a	0	n/a	0
709696	WORD	n/a	LTP553	ltpDelayRepFRReadOnly	3	3	5	MOUNTAIN	197	1	2	0
711295	WORD_OFF	n/a	LTP553	ltpDelayRepFRReadOnly	3	3	5	n/a	n/a	0	n/a	0
714195	WORD	n/a	LTP553	ltpDelayRepFRReadOnly	3	3	6	PAPER	220	1	2	0
715795	WORD_OFF	n/a	LTP553	ltpDelayRepFRReadOnly	3	3	6	n/a	n/a	0	n/a	0
718663	WORD	n/a	LTP553	ltpDelayRepFRReadOnly	3	3	7	CIDER	23	0	1	0
720262	WORD_OFF	n/a	LTP553	ltpDelayRepFRReadOnly	3	3	7	n/a	n/a	0	n/a	0
722979	WORD	n/a	LTP553	ltpDelayRepFRReadOnly	3	3	8	BEETLE	162	1	1	0
724578	WORD_OFF	n/a	LTP553	ltpDelayRepFRReadOnly	3	3	8	n/a	n/a	0	n/a	0
727495	WORD	n/a	LTP553	ltpDelayRepFRReadOnly	3	3	9	BLUEBERRY	141	1	1	0
729095	WORD_OFF	n/a	LTP553	ltpDelayRepFRReadOnly	3	3	9	n/a	n/a	0	n/a	0
732028	WORD	n/a	LTP553	ltpDelayRepFRReadOnly	3	3	10	ROOF	50	1	2	0
733628	WORD_OFF	n/a	LTP553	ltpDelayRepFRReadOnly	3	3	10	n/a	n/a	0	n/a	0
736628	WORD	n/a	LTP553	ltpDelayRepFRReadOnly	3	3	11	TONGS	191	1	2	1
738228	WORD_OFF	n/a	LTP553	ltpDelayRepFRReadOnly	3	3	11	n/a	n/a	0	n/a	0
740995	WORD	n/a	LTP553	ltpDelayRepFRReadOnly	3	3	12	CROWBAR	240	1	2	1
742595	WORD_OFF	n/a	LTP553	ltpDelayRepFRReadOnly	3	3	12	n/a	n/a	0	n/a	0
745345	WORD	n/a	LTP553	ltpDelayRepFRReadOnly	3	3	13	JACKET	68	1	2	1
746945	WORD_OFF	n/a	LTP553	ltpDelayRepFRReadOnly	3	3	13	n/a	n/a	0	n/a	0
749679	WORD	n/a	LTP553	ltpDelayRepFRReadOnly	3	3	14	MOUNTAIN	197	1	2	1
751279	WORD_OFF	n/a	LTP553	ltpDelayRepFRReadOnly	3	3	14	n/a	n/a	0	n/a	0
754195	WORD	n/a	LTP553	ltpDelayRepFRReadOnly	3	3	15	PAPER	220	1	2	1
755795	WORD_OFF	n/a	LTP553	ltpDelayRepFRReadOnly	3	3	15	n/a	n/a	0	n/a	0
758463	WORD	n/a	LTP553	ltpDelayRepFRReadOnly	3	3	16	ORGAN	181	1	1	0
760062	WORD_OFF	n/a	LTP553	ltpDelayRepFRReadOnly	3	3	16	n/a	n/a	0	n/a	0
762645	WORD	n/a	LTP553	ltpDelayRepFRReadOnly	3	3	17	ROOF	50	1	2	1
764245	WORD_OFF	n/a	LTP553	ltpDelayRepFRReadOnly	3	3	17	n/a	n/a	0	n/a	0
781846	REC_START	n/a	LTP553	ltpDelayRepFRReadOnly	3	3	n/a	n/a	n/a	0	n/a	0
782634	REC_WORD	n/a	LTP553	ltpDelayRepFRReadOnly	3	3	n/a	ORGAN	181	0	1	1
783688	REC_WORD	n/a	LTP553	ltpDelayRepFRReadOnly	3	3	n/a	ROOF	50	0	2	1
784674	REC_WORD	n/a	LTP553	ltpDelayRepFRReadOnly	3	3	n/a	TONGS	191	0	2	1
785863	REC_WORD	n/a	LTP553	ltpDelayRepFRReadOnly	3	3	n/a	EAR	43	0	1	1
786848	REC_WORD	n/a	LTP553	ltpDelayRepFRReadOnly	3	3	n/a	CROWBAR	240	0	2	1
788125	REC_WORD	n/a	LTP553	ltpDelayRepFRReadOnly	3	3	n/a	WASHER	3	0	1	1
789288	REC_WORD	n/a	LTP553	ltpDelayRepFRReadOnly	3	3	n/a	JACKET	68	0	2	1
791066	REC_WORD	n/a	LTP553	ltpDelayRepFRReadOnly	3	3	n/a	MOUNTAIN	197	0	2	1
792263	REC_WORD	n/a	LTP553	ltpDelayRepFRReadOnly	3	3	n/a	PAPER	220	0	2	1
793452	REC_WORD	n/a	LTP553	ltpDelayRepFRReadOnly	3	3	n/a	BLUEBERRY	141	0	1	1
795051	REC_WORD	n/a	LTP553	ltpDelayRepFRReadOnly	3	3	n/a	ROOF	50	0	2	1
800889	REC_WORD	n/a	LTP553	ltpDelayRepFRReadOnly	3	3	n/a	BEETLE	162	0	1	1
812348	REC_END	n/a	LTP553	ltpDelayRepFRReadOnly	3	3	n/a	n/a	n/a	0	n/a	0
812348	TRIAL_START	n/a	LTP553	ltpDelayRepFRReadOnly	3	n/a	n/a	n/a	n/a	0	n/a	0
830329	COUNTDOWN	n/a	LTP553	ltpDelayRepFRReadOnly	3	n/a	n/a	n/a	n/a	0	n/a	0
834345	WORD	n/a	LTP553	ltpDelayRepFRReadOnly	3	4	0	GRATER	188	1	2	0
835962	WORD_OFF	n/a	LTP553	ltpDelayRepFRReadOnly	3	4	0	n/a	n/a	0	n/a	0
838463	WORD	n/a	LTP553	ltpDelayRepFRReadOnly	3	4	1	LADYBUG	163	1	1	0
840063	WORD_OFF	n/a	LTP553	ltpDelayRepFRReadOnly	3	4	1	n/a	n/a	0	n/a	0
842746	WORD	n/a	LTP553	ltpDelayRepFRReadOnly	3	4	2	GORILLA	309	1	1	0
844345	WORD_OFF	n/a	LTP553	ltpDelayRepFRReadOnly	3	4	2	n/a	n/a	0	n/a	0
847046	WORD	n/a	LTP553	ltpDelayRepFRReadOnly	3	4	3	VIOLIN	173	1	2	0
848645	WORD_OFF	n/a	LTP553	ltpDelayRepFRReadOnly	3	4	3	n/a	n/a	0	n/a	0
851245	WORD	n/a	LTP553	ltpDelayRepFRReadOnly	3	4	4	STREAM	195	1	2	0
852845	WORD_OFF	n/a	LTP553	ltpDelayRepFRReadOnly	3	4	4	n/a	n/a	0	n/a	0
855845	WORD	n/a	LTP553	ltpDelayRepFRReadOnly	3	4	5	HUMIDITY	292	0	1	0
857446	WORD_OFF	n/a	LTP553	ltpDelayRepFRReadOnly	3	4	5	n/a	n/a	0	n/a	0
860112	WORD	n/a	LTP553	ltpDelayRepFRReadOnly	3	4	6	HAMMER	231	0	1	0
861712	WORD_OFF	n/a	LTP553	ltpDelayRepFRReadOnly	3	4	6	n/a	n/a	0	n/a	0
864329	WORD	n/a	LTP553	ltpDelayRepFRReadOnly	3	4	7	STEREO	89	1	2	0
865929	WORD_OFF	n/a	LTP553	ltpDelayRepFRReadOnly	3	4	7	n/a	n/a	0	n/a	0
868796	WORD	n/a	LTP553	ltpDelayRepFRReadOnly	3	4	8	EYE	46	1	2	0
870395	WORD_OFF	n/a	LTP553	ltpDelayRepFRReadOnly	3	4	8	n/a	n/a	0	n/a	0
873196	WORD	n/a	LTP553	ltpDelayRepFRReadOnly	3	4	9	WILLOW	261	1	1	0
874796	WORD_OFF	n/a	LTP553	ltpDelayRepFRReadOnly	3	4	9	n/a	n/a	0	n/a	0
877713	WORD	n/a	LTP553	ltpDelayRepFRReadOnly	3	4	10	ONION	276	0	2	0
879312	WORD_OFF	n/a	LTP553	ltpDelayRepFRReadOnly	3	4	10	n/a	n/a	0	n/a	0
882179	WORD	n/a	LTP553	ltpDelayRepFRReadOnly	3	4	11	GRATER	188	1	2	1
883779	WORD_OFF	n/a	LTP553	ltpDelayRepFRReadOnly	3	4	11	n/a	n/a	0	n/a	0
886595	WORD	n/a	LTP553	ltpDelayRepFRReadOnly	3	4	12	VIOLIN	173	1	2	1
888195	WORD_OFF	n/a	LTP553	ltpDelayRepFRReadOnly	3	4	12	n/a	n/a	0	n/a	0
891062	WORD	n/a	LTP553	ltpDelayRepFRReadOnly	3	4	13	STREAM	195	1	2	1
892662	WORD_OFF	n/a	LTP553	ltpDelayRepFRReadOnly	3	4	13	n/a	n/a	0	n/a	0
895429	WORD	n/a	LTP553	ltpDelayRepFRReadOnly	3	4	14	STEREO	89	1	2	1
897029	WORD_OFF	n/a	LTP553	ltpDelayRepFRReadOnly	3	4	14	n/a	n/a	0	n/a	0
899629	WORD	n/a	LTP553	ltpDelayRepFRReadOnly	3	4	15	EYE	46	1	2	1
901229	WORD_OFF	n/a	LTP553	ltpDelayRepFRReadOnly	3	4	15	n/a	n/a	0	n/a	0
903995	WORD	n/a	LTP553	ltpDelayRepFRReadOnly	3	4	16	ONION	276	0	2	1
905595	WORD_OFF	n/a	LTP553	ltpDelayRepFRReadOnly	3	4	16	n/a	n/a	0	n/a	0
908179	WORD	n/a	LTP553	ltpDelayRepFRReadOnly	3	4	17	FREEZER	6	1	1	0
909779	WORD_OFF	n/a	LTP553	ltpDelayRepFRReadOnly	3	4	17	n/a	n/a	0	n/a	0
927380	REC_START	n/a	LTP553	ltpDelayRepFRReadOnly	3	4	n/a	n/a	n/a	0	n/a	0
928158	REC_WORD	n/a	LTP553	ltpDelayRepFRReadOnly	3	4	n/a	FREEZER	6	0	1	1
929755	REC_WORD	n/a	LTP553	ltpDelayRepFRReadOnly	3	4	n/a	EYE	46	0	2	1
931006	REC_WORD	n/a	LTP553	ltpDelayRepFRReadOnly	3	4	n/a	WILLOW	261	0	1	1
931873	REC_WORD	n/a	LTP553	ltpDelayRepFRReadOnly	3	4	n/a	STREAM	195	0	2	1
933175	REC_WORD	n/a	LTP553	ltpDelayRepFRReadOnly	3	4	n/a	LADYBUG	163	0	1	1
934402	REC_WORD	n/a	LTP553	ltpDelayRepFRReadOnly	3	4	n/a	GRATER	188	0	2	1
935462	REC_WORD	n/a	LTP553	ltpDelayRepFRReadOnly	3	4	n/a	GORILLA	309	0	1	1
936565	REC_WORD	n/a	LTP553	ltpDelayRepFRReadOnly	3	4	n/a	VIOLIN	173	0	2	1
937774	REC_WORD	n/a	LTP553	ltpDelayRepFRReadOnly	3	4	n/a	STEREO	89	0	2	1
957882	REC_END	n/a	LTP553	ltpDelayRepFRReadOnly	3	4	n/a	n/a	n/a	0	n/a	0
957882	TRIAL_START	n/a	LTP553	ltpDelayRepFRReadOnly	3	n/a	n/a	n/a	n/a	0	n/a	0
967596	COUNTDOWN	n/a	LTP553	ltpDelayRepFRReadOnly	3	n/a	n/a	n/a	n/a	0	n/a	0
971512	WORD	n/a	LTP553	ltpDelayRepFRReadOnly	3	5	0	APPLE	134	1	1	0
973112	WORD_OFF	n/a	LTP553	ltpDelayRepFRReadOnly	3	5	0	n/a	n/a	0	n/a	0
975845	WORD	n/a	LTP553	ltpDelayRepFRReadOnly	3	5	1	LAMB	119	1	2	0
977446	WORD_OFF	n/a	LTP553	ltpDelayRepFRReadOnly	3	5	1	n/a	n/a	0	n/a	0
980029	WORD	n/a	LTP553	ltpDelayRepFRReadOnly	3	5	2	BEER	22	1	2	0
981629	WORD_OFF	n/a	LTP553	ltpDelayRepFRReadOnly	3	5	2	n/a	n/a	0	n/a	0
984630	WORD	n/a	LTP553	ltpDelayRepFRReadOnly	3	5	3	TULIP	124	0	2	0
986230	WORD_OFF	n/a	LTP553	ltpDelayRepFRReadOnly	3	5	3	n/a	n/a	0	n/a	0
988812	WORD	n/a	LTP553	ltpDelayRepFRReadOnly	3	5	4	CELLO	178	1	2	0
990412	WORD_OFF	n/a	LTP553	ltpDelayRepFRReadOnly	3	5	4	n/a	n/a	0	n/a	0
993112	WORD	n/a	LTP553	ltpDelayRepFRReadOnly	3	5	5	SPRUCE	260	1	2	0
994712	WORD_OFF	n/a	LTP553	ltpDelayRepFRReadOnly	3	5	5	n/a	n/a	0	n/a	0
997296	WORD	n/a	LTP553	ltpDelayRepFRReadOnly	3	5	6	PHONE	88	1	2	0
998896	WORD_OFF	n/a	LTP553	ltpDelayRepFRReadOnly	3	5	6	n/a	n/a	0	n/a	0
1001580	WORD	n/a	LTP553	ltpDelayRepFRReadOnly	3	5	7	LAMB	119	1	2	1
1003179	WORD_OFF	n/a	LTP553	ltpDelayRepFRReadOnly	3	5	7	n/a	n/a	0	n/a	0
1005712	WORD	n/a	LTP553	ltpDelayRepFRReadOnly	3	5	8	LEG	39	0	1	0
1007312	WORD_OFF	n/a	LTP553	ltpDelayRepFRReadOnly	3	5	8	n/a	n/a	0	n/a	0
1010096	WORD	n/a	LTP553	ltpDelayRepFRReadOnly	3	5	9	BEER	22	1	2	1
1011696	WORD_OFF	n/a	LTP553	ltpDelayRepFRReadOnly	3	5	9	n/a	n/a	0	n/a	0
1014680	WORD	n/a	LTP553	ltpDelayRepFRReadOnly	3	5	10	CELLO	178	1	2	1
1016279	WORD_OFF	n/a	LTP553	ltpDelayRepFRReadOnly	3	5	10	n/a	n/a	0	n/a	0
1018913	WORD	n/a	LTP553	ltpDelayRepFRReadOnly	3	5	11	DOLLHOUSE	246	1	1	0
1020512	WORD_OFF	n/a	LTP553	ltpDelayRepFRReadOnly	3	5	11	n/a	n/a	0	n/a	0
1023112	WORD	n/a	LTP553	ltpDelayRepFRReadOnly	3	5	12	STAPLER	225	0	1	0
1024712	WORD_OFF	n/a	LTP553	ltpDelayRepFRReadOnly	3	5	12	n/a	n/a	0	n/a	0
1027529	WORD	n/a	LTP553	ltpDelayRepFRReadOnly	3	5	13	COAT	71	0	1	0
1029129	WORD_OFF	n/a	LTP553	ltpDelayRepFRReadOnly	3	5	13	n/a	n/a	0	n/a	0
1031812	WORD	n/a	LTP553	ltpDelayRepFRReadOnly	3	5	14	TULIP	124	0	2	1
1033412	WORD_OFF	n/a	LTP553	ltpDelayRepFRReadOnly	3	5	14	n/a	n/a	0	n/a	0
1036279	WORD	n/a	LTP553	ltpDelayRepFRReadOnly	3	5	15	PHONE	88	1	2	1
1037879	WORD_OFF	n/a	LTP553	ltpDelayRepFRReadOnly	3	5	15	n/a	n/a	0	n/a	0
1040396	WORD	n/a	LTP553	ltpDelayRepFRReadOnly	3	5	16	TRAIN	285	0	1	0
1041996	WORD_OFF	n/a	LTP553	ltpDelayRepFRReadOnly	3	5	16	n/a	n/a	0	n/a	0
1044580	WORD	n/a	LTP553	ltpDelayRepFRReadOnly	3	5	17	SPRUCE	260	1	2	1
1046180	WORD_OFF	n/a	LTP553	ltpDelayRepFRReadOnly	3	5	17	n/a	n/a	0	n/a	0
1063812	REC_START	n/a	LTP553	ltpDelayRepFRReadOnly	3	5	n/a	n/a	n/a	0	n/a	0
1064459	REC_WORD	n/a	LTP553	ltpDelayRepFRReadOnly	3	5	n/a	SPRUCE	260	0	2	1
1065817	REC_WORD	n/a	LTP553	ltpDelayRepFRReadOnly	3	5	n/a	LAMB	119	0	2	1
1067058	REC_WORD	n/a	LTP553	ltpDelayRepFRReadOnly	3	5	n/a	BEER	22	0	2	1
1068263	REC_WORD	n/a	LTP553	ltpDelayRepFRReadOnly	3	5	n/a	APPLE	134	0	1	1
1069716	REC_WORD	n/a	LTP553	ltpDelayRepFRReadOnly	3	5	n/a	DOLLHOUSE	246	0	1	1
1071146	REC_WORD	n/a	LTP553	ltpDelayRepFRReadOnly	3	5	n/a	PHONE	88	0	2	1
1072977	REC_WORD	n/a	LTP553	ltpDelayRepFRReadOnly	3	5	n/a	CELLO	178	0	2	1
1082540	REC_WORD	n/a	LTP553	ltpDelayRepFRReadOnly	3	5	n/a	LILAC	132	0	1	1
1094316	REC_END	n/a	LTP553	ltpDelayRepFRReadOnly	3	5	n/a	n/a	n/a	0	n/a	0
1094316	TRIAL_START	n/a	LTP553	ltpDelayRepFRReadOnly	3	n/a	n/a	n/a	n/a	0	n/a	0
1107347	COUNTDOWN	n/a	LTP553	ltpDelayRepFRReadOnly	3	n/a	n/a	n/a	n/a	0	n/a	0
1111430	WORD	n/a	LTP553	ltpDelayRepFRReadOnly	3	6	0	PETUNIA	129	1	2	0
1113030	WORD_OFF	n/a	LTP553	ltpDelayRepFRReadOnly	3	6	0	n/a	n/a	0	n/a	0
1115947	WORD	n/a	LTP553	ltpDelayRepFRReadOnly	3	6	1	DRESSER	149	1	2	0
1117547	WORD_OFF	n/a	LTP553	ltpDelayRepFRReadOnly	3	6	1	n/a	n/a	0	n/a	0
1120497	WORD	n/a	LTP553	ltpDelayRepFRReadOnly	3	6	2	DOVE	32	1	1	0
1122097	WORD_OFF	n/a	LTP553	ltpDelayRepFRReadOnly	3	6	2	n/a	n/a	0	n/a	0
1124797	WORD	n/a	LTP553	ltpDelayRepFRReadOnly	3	6	3	SATIN	102	0	1	0
1126397	WORD_OFF	n/a	LTP553	ltpDelayRepFRReadOnly	3	6	3	n/a	n/a	0	n/a	0
1128930	WORD	n/a	LTP553	ltpDelayRepFRReadOnly	3	6	4	HALLWAY	58	1	1	0
1130530	WORD_OFF	n/a	LTP553	ltpDelayRepFRReadOnly	3	6	4	n/a	n/a	0	n/a	0
1133114	WORD	n/a	LTP553	ltpDelayRepFRReadOnly	3	6	5	JELLO	85	1	1	0
1134713	WORD_OFF	n/a	LTP553	ltpDelayRepFRReadOnly	3	6	5	n/a	n/a	0	n/a	0
1137497	WORD	n/a	LTP553	ltpDelayRepFRReadOnly	3	6	6	CHICKEN	112	1	2	0
1139097	WORD_OFF	n/a	LTP553	ltpDelayRepFRReadOnly	3	6	6	n/a	n/a	0	n/a	0
1141646	WORD	n/a	LTP553	ltpDelayRepFRReadOnly	3	6	7	PLANE	284	1	2	0
1143247	WORD_OFF	n/a	LTP553	ltpDelayRepFRReadOnly	3	6	7	n/a	n/a	0	n/a	0
1145864	WORD	n/a	LTP553	ltpDelayRepFRReadOnly	3	6	8	SOCKS	67	1	2	0
1147462	WORD_OFF	n/a	LTP553	ltpDelayRepFRReadOnly	3	6	8	n/a	n/a	0	n/a	0
1150096	WORD	n/a	LTP553	ltpDelayRepFRReadOnly	3	6	9	NOTEBOOK	221	1	2	0
1151696	WORD_OFF	n/a	LTP553	ltpDelayRepFRReadOnly	3	6	9	n/a	n/a	0	n/a	0
1154213	WORD	n/a	LTP553	ltpDelayRepFRReadOnly	3	6	10	CHERRY	142	1	1	0
1155813	WORD_OFF	n/a	LTP553	ltpDelayRepFRReadOnly	3	6	10	n/a	n/a	0	n/a	0
1158446	WORD	n/a	LTP553	ltpDelayRepFRReadOnly	3	6	11	DRESSER	149	1	2	1
1160047	WORD_OFF	n/a	LTP553	ltpDelayRepFRReadOnly	3	6	11	n/a	n/a	0	n/a	0
1163029	WORD	n/a	LTP553	ltpDelayRepFRReadOnly	3	6	12	PETUNIA	129	1	2	1
1164629	WORD_OFF	n/a	LTP553	ltpDelayRepFRReadOnly	3	6	12	n/a	n/a	0	n/a	0
1167463	WORD	n/a	LTP553	ltpDelayRepFRReadOnly	3	6	13	CHICKEN	112	1	2	1
1169063	WORD_OFF	n/a	LTP553	ltpDelayRepFRReadOnly	3	6	13	n/a	n/a	0	n/a	0
1171614	WORD	n/a	LTP553	ltpDelayRepFRReadOnly	3	6	14	PLANE	284	1	2	1
1173214	WORD_OFF	n/a	LTP553	ltpDelayRepFRReadOnly	3	6	14	n/a	n/a	0	n/a	0
1176196	WORD	n/a	LTP553	ltpDelayRepFRReadOnly	3	6	15	SOCKS	67	1	2	1
1177796	WORD_OFF	n/a	LTP553	ltpDelayRepFRReadOnly	3	6	15	n/a	n/a	0	n/a	0
1180646	WORD	n/a	LTP553	ltpDelayRepFRReadOnly	3	6	16	NOTEBOOK	221	1	2	1
1182246	WORD_OFF	n/a	LTP553	ltpDelayRepFRReadOnly	3	6	16	n/a	n/a	0	n/a	0
1184963	WORD	n/a	LTP553	ltpDelayRepFRReadOnly	3	6	17	WHALE	211	1	1	0
1186563	WORD_OFF	n/a	LTP553	ltpDelayRepFRReadOnly	3	6	17	n/a	n/a	0	n/a	0
1204063	REC_START	n/a	LTP553	ltpDelayRepFRReadOnly	3	6	n/a	n/a	n/a	0	n/a	0
1205022	REC_WORD	n/a	LTP553	ltpDelayRepFRReadOnly	3	6	n/a	WHALE	211	0	1	1
1205864	REC_WORD	n/a	LTP553	ltpDelayRepFRReadOnly	3	6	n/a	PETUNIA	129	0	2	1
1207000	REC_WORD	n/a	LTP553	ltpDelayRepFRReadOnly	3	6	n/a	DRESSER	149	0	2	1
1208116	REC_WORD	n/a	LTP553	ltpDelayRepFRReadOnly	3	6	n/a	HALLWAY	58	0	1	1
1209665	REC_WORD	n/a	LTP553	ltpDelayRepFRReadOnly	3	6	n/a	JELLO	85	0	1	1
1210894	REC_WORD	n/a	LTP553	ltpDelayRepFRReadOnly	3	6	n/a	CHERRY	142	0	1	1
1212138	REC_WORD	n/a	LTP553	ltpDelayRepFRReadOnly	3	6	n/a	SOCKS	67	0	2	1
1213447	REC_WORD	n/a	LTP553	ltpDelayRepFRReadOnly	3	6	n/a	NOTEBOOK	221	0	2	1
1215077	REC_WORD	n/a	LTP553	ltpDelayRepFRReadOnly	3	6	n/a	DOVE	32	0	1	1
1218719	REC_WORD	n/a	LTP553	ltpDelayRepFRReadOnly	3	6	n/a	CHICKEN	112	0	2	1
1220064	REC_WORD	n/a	LTP553	ltpDelayRepFRReadOnly	3	6	n/a	PLANE	284	0	2	1
1234567	REC_END	n/a	LTP553	ltpDelayRepFRReadOnly	3	6	n/a	n/a	n/a	0	n/a	0
1234567	TRIAL_START	n/a	LTP553	ltpDelayRepFRReadOnly	3	n/a	n/a	n/a	n/a	0	n/a	0
1234579	BREAK_START	n/a	LTP553	ltpDelayRepFRReadOnly	3	n/a	n/a	n/a	n/a	0	n/a	0
1235579	BREAK_STOP	n/a	LTP553	ltpDelayRepFRReadOnly	3	n/a	n/a	n/a	n/a	0	n/a	0
1389681	COUNTDOWN	n/a	LTP553	ltpDelayRepFRReadOnly	3	n/a	n/a	n/a	n/a	0	n/a	0
1393631	WORD	n/a	LTP553	ltpDelayRepFRReadOnly	3	7	0	COLA	14	1	1	0
1395230	WORD_OFF	n/a	LTP553	ltpDelayRepFRReadOnly	3	7	0	n/a	n/a	0	n/a	0
1397747	WORD	n/a	LTP553	ltpDelayRepFRReadOnly	3	7	1	ROOM	56	1	2	0
1399348	WORD_OFF	n/a	LTP553	ltpDelayRepFRReadOnly	3	7	1	n/a	n/a	0	n/a	0
1401864	WORD	n/a	LTP553	ltpDelayRepFRReadOnly	3	7	2	CUPCAKE	77	1	2	0
1403463	WORD_OFF	n/a	LTP553	ltpDelayRepFRReadOnly	3	7	2	n/a	n/a	0	n/a	0
1406280	WORD	n/a	LTP553	ltpDelayRepFRReadOnly	3	7	3	OVEN	5	1	1	0
1407881	WORD_OFF	n/a	LTP553	ltpDelayRepFRReadOnly	3	7	3	n/a	n/a	0	n/a	0
1410515	WORD	n/a	LTP553	ltpDelayRepFRReadOnly	3	7	4	SLINKY	253	1	2	0
1412113	WORD_OFF	n/a	LTP553	ltpDelayRepFRReadOnly	3	7	4	n/a	n/a	0	n/a	0
1414947	WORD	n/a	LTP553	ltpDelayRepFRReadOnly	3	7	5	MARKER	227	1	2	0
1416548	WORD_OFF	n/a	LTP553	ltpDelayRepFRReadOnly	3	7	5	n/a	n/a	0	n/a	0
1419430	WORD	n/a	LTP553	ltpDelayRepFRReadOnly	3	7	6	HORSE	116	1	2	0
1421031	WORD_OFF	n/a	LTP553	ltpDelayRepFRReadOnly	3	7	6	n/a	n/a	0	n/a	0
1423681	WORD	n/a	LTP553	ltpDelayRepFRReadOnly	3	7	7	RECLINER	154	1	2	0
1425298	WORD_OFF	n/a	LTP553	ltpDelayRepFRReadOnly	3	7	7	n/a	n/a	0	n/a	0
1428113	WORD	n/a	LTP553	ltpDelayRepFRReadOnly	3	7	8	BEAR	310	1	1	0
1429730	WORD_OFF	n/a	LTP553	ltpDelayRepFRReadOnly	3	7	8	n/a	n/a	0	n/a	0
1432280	WORD	n/a	LTP553	ltpDelayRepFRReadOnly	3	7	9	CUPCAKE	77	1	2	1
1433880	WORD_OFF	n/a	LTP553	ltpDelayRepFRReadOnly	3	7	9	n/a	n/a	0	n/a	0
1436514	WORD	n/a	LTP553	ltpDelayRepFRReadOnly	3	7	10	ROOM	56	1	2	1
1438114	WORD_OFF	n/a	LTP553	ltpDelayRepFRReadOnly	3	7	10	n/a	n/a	0	n/a	0
1441098	WORD	n/a	LTP553	ltpDelayRepFRReadOnly	3	7	11	SAW	235	1	1	0
1442715	WORD_OFF	n/a	LTP553	ltpDelayRepFRReadOnly	3	7	11	n/a	n/a	0	n/a	0
1445464	WORD	n/a	LTP553	ltpDelayRepFRReadOnly	3	7	12	SLINKY	253	1	2	1
1447064	WORD_OFF	n/a	LTP553	ltpDelayRepFRReadOnly	3	7	12	n/a	n/a	0	n/a	0
1449597	WORD	n/a	LTP553	ltpDelayRepFRReadOnly	3	7	13	MARKER	227	1	2	1
1451198	WORD_OFF	n/a	LTP553	ltpDelayRepFRReadOnly	3	7	13	n/a	n/a	0	n/a	0
1453814	WORD	n/a	LTP553	ltpDelayRepFRReadOnly	3	7	14	SHIRT	62	1	1	0
1455414	WORD_OFF	n/a	LTP553	ltpDelayRepFRReadOnly	3	7	14	n/a	n/a	0	n/a	0
1458048	WORD	n/a	LTP553	ltpDelayRepFRReadOnly	3	7	15	RECLINER	154	1	2	1
1459664	WORD_OFF	n/a	LTP553	ltpDelayRepFRReadOnly	3	7	15	n/a	n/a	0	n/a	0
1462349	WORD	n/a	LTP553	ltpDelayRepFRReadOnly	3	7	16	HORSE	116	1	2	1
1463947	WORD_OFF	n/a	LTP553	ltpDelayRepFRReadOnly	3	7	16	n/a	n/a	0	n/a	0
1466598	WORD	n/a	LTP553	ltpDelayRepFRReadOnly	3	7	17	TELEVISION	86	1	1	0
1468198	WORD_OFF	n/a	LTP553	ltpDelayRepFRReadOnly	3	7	17	n/a	n/a	0	n/a	0
1485731	REC_START	n/a	LTP553	ltpDelayRepFRReadOnly	3	7	n/a	n/a	n/a	0	n/a	0
1486447	REC_WORD	n/a	LTP553	ltpDelayRepFRReadOnly	3	7	n/a	TELEVISION	86	0	1	1
1487517	REC_WORD	n/a	LTP553	ltpDelayRepFRReadOnly	3	7	n/a	HORSE	116	0	2	1
1488625	REC_WORD	n/a	LTP553	ltpDelayRepFRReadOnly	3	7	n/a	BEAR	310	0	1	1
1489544	REC_WORD	n/a	LTP553	ltpDelayRepFRReadOnly	3	7	n/a	SAW	235	0	1	1
1490580	REC_WORD	n/a	LTP553	ltpDelayRepFRReadOnly	3	7	n/a	SLINKY	253	0	2	1
1491790	REC_WORD	n/a	LTP553	ltpDelayRepFRReadOnly	3	7	n/a	ROOM	56	0	2	1
1493770	REC_WORD	n/a	LTP553	ltpDelayRepFRReadOnly	3	7	n/a	RECLINER	154	0	2	1
1496172	REC_WORD	n/a	LTP553	ltpDelayRepFRReadOnly	3	7	n/a	CUPCAKE	77	0	2	1
1497343	REC_WORD	n/a	LTP553	ltpDelayRepFRReadOnly	3	7	n/a	COLA	14	0	1	1
1499174	REC_WORD	n/a	LTP553	ltpDelayRepFRReadOnly	3	7	n/a	OVEN	5	0	1	1
1502406	REC_WORD	n/a	LTP553	ltpDelayRepFRReadOnly	3	7	n/a	SHIRT	62	0	1	1
1505295	REC_WORD	n/a	LTP553	ltpDelayRepFRReadOnly	3	7	n/a	MARKER	227	0	2	1
1516236	TRIAL_START	n/a	LTP553	ltpDelayRepFRReadOnly	3	n/a	n/a	n/a	n/a	0	n/a	0
1516236	REC_END	n/a	LTP553	ltpDelayRepFRReadOnly	3	7	n/a	n/a	n/a	0	n/a	0
1529931	COUNTDOWN	n/a	LTP553	ltpDelayRepFRReadOnly	3	n/a	n/a	n/a	n/a	0	n/a	0
1533849	WORD	n/a	LTP553	ltpDelayRepFRReadOnly	3	8	0	LILY	125	1	1	0
1535447	WORD_OFF	n/a	LTP553	ltpDelayRepFRReadOnly	3	8	0	n/a	n/a	0	n/a	0
1538348	WORD	n/a	LTP553	ltpDelayRepFRReadOnly	3	8	1	TABLET	91	1	2	0
1539948	WORD_OFF	n/a	LTP553	ltpDelayRepFRReadOnly	3	8	1	n/a	n/a	0	n/a	0
1542747	WORD	n/a	LTP553	ltpDelayRepFRReadOnly	3	8	2	WALNUT	264	1	1	0
1544348	WORD_OFF	n/a	LTP553	ltpDelayRepFRReadOnly	3	8	2	n/a	n/a	0	n/a	0
1546997	WORD	n/a	LTP553	ltpDelayRepFRReadOnly	3	8	3	TRUCK	279	1	2	0
1548598	WORD_OFF	n/a	LTP553	ltpDelayRepFRReadOnly	3	8	3	n/a	n/a	0	n/a	0
1551580	WORD	n/a	LTP553	ltpDelayRepFRReadOnly	3	8	4	PUDDING	80	1	2	0
1553181	WORD_OFF	n/a	LTP553	ltpDelayRepFRReadOnly	3	8	4	n/a	n/a	0	n/a	0
1555730	WORD	n/a	LTP553	ltpDelayRepFRReadOnly	3	8	5	BUTTERFLY	164	0	2	0
1557330	WORD_OFF	n/a	LTP553	ltpDelayRepFRReadOnly	3	8	5	n/a	n/a	0	n/a	0
1559848	WORD	n/a	LTP553	ltpDelayRepFRReadOnly	3	8	6	BANANA	136	1	1	0
1561447	WORD_OFF	n/a	LTP553	ltpDelayRepFRReadOnly	3	8	6	n/a	n/a	0	n/a	0
1564098	WORD	n/a	LTP553	ltpDelayRepFRReadOnly	3	8	7	ARM	41	1	2	0
1565698	WORD_OFF	n/a	LTP553	ltpDelayRepFRReadOnly	3	8	7	n/a	n/a	0	n/a	0
1568198	WORD	n/a	LTP553	ltpDelayRepFRReadOnly	3	8	8	DENIM	104	0	1	0
1569798	WORD_OFF	n/a	LTP553	ltpDelayRepFRReadOnly	3	8	8	n/a	n/a	0	n/a	0
1572614	WORD	n/a	LTP553	ltpDelayRepFRReadOnly	3	8	9	TURKEY	121	1	2	0
1574214	WORD_OFF	n/a	LTP553	ltpDelayRepFRReadOnly	3	8	9	n/a	n/a	0	n/a	0
1576748	WORD	n/a	LTP553	ltpDelayRepFRReadOnly	3	8	10	TABLET	91	1	2	1
1578348	WORD_OFF	n/a	LTP553	ltpDelayRepFRReadOnly	3	8	10	n/a	n/a	0	n/a	0
1581198	WORD	n/a	LTP553	ltpDelayRepFRReadOnly	3	8	11	TRUCK	279	1	2	1
1582797	WORD_OFF	n/a	LTP553	ltpDelayRepFRReadOnly	3	8	11	n/a	n/a	0	n/a	0
1585615	WORD	n/a	LTP553	ltpDelayRepFRReadOnly	3	8	12	LAKE	198	0	1	0
1587215	WORD_OFF	n/a	LTP553	ltpDelayRepFRReadOnly	3	8	12	n/a	n/a	0	n/a	0
1589881	WORD	n/a	LTP553	ltpDelayRepFRReadOnly	3	8	13	BUTTERFLY	164	0	2	1
1591480	WORD_OFF	n/a	LTP553	ltpDelayRepFRReadOnly	3	8	13	n/a	n/a	0	n/a	0
1593981	WORD	n/a	LTP553	ltpDelayRepFRReadOnly	3	8	14	PUDDING	80	1	2	1
1595581	WORD_OFF	n/a	LTP553	ltpDelayRepFRReadOnly	3	8	14	n/a	n/a	0	n/a	0
1598565	WORD	n/a	LTP553	ltpDelayRepFRReadOnly	3	8	15	TURKEY	121	1	2	1
1600164	WORD_OFF	n/a	LTP553	ltpDelayRepFRReadOnly	3	8	15	n/a	n/a	0	n/a	0
1602797	WORD	n/a	LTP553	ltpDelayRepFRReadOnly	3	8	16	STRAINER	187	0	1	0
1604397	WORD_OFF	n/a	LTP553	ltpDelayRepFRReadOnly	3	8	16	n/a	n/a	0	n/a	0
1607331	WORD	n/a	LTP553	ltpDelayRepFRReadOnly	3	8	17	ARM	41	1	2	1
1608931	WORD_OFF	n/a	LTP553	ltpDelayRepFRReadOnly	3	8	17	n/a	n/a	0	n/a	0
1626532	REC_START	n/a	LTP553	ltpDelayRepFRReadOnly	3	8	n/a	n/a	n/a	0	n/a	0
1627444	REC_WORD	n/a	LTP553	ltpDelayRepFRReadOnly	3	8	n/a	ARM	41	0	2	1
1628361	REC_WORD	n/a	LTP553	ltpDelayRepFRReadOnly	3	8	n/a	LILY	125	0	1	1
1629555	REC_WORD	n/a	LTP553	ltpDelayRepFRReadOnly	3	8	n/a	WALNUT	264	0	1	1
1630804	REC_WORD	n/a	LTP553	ltpDelayRepFRReadOnly	3	8	n/a	TRUCK	279	0	2	1
1633729	REC_WORD	n/a	LTP553	ltpDelayRepFRReadOnly	3	8	n/a	TABLET	91	0	2	1
1640939	REC_WORD	n/a	LTP553	ltpDelayRepFRReadOnly	3	8	n/a	TURKEY	121	0	2	1
1642654	REC_WORD	n/a	LTP553	ltpDelayRepFRReadOnly	3	8	n/a	PUDDING	80	0	2	1
1643540	REC_WORD	n/a	LTP553	ltpDelayRepFRReadOnly	3	8	n/a	BANANA	136	0	1	1
1657035	REC_END	n/a	LTP553	ltpDelayRepFRReadOnly	3	8	n/a	n/a	n/a	0	n/a	0
1657035	TRIAL_START	n/a	LTP553	ltpDelayRepFRReadOnly	3	n/a	n/a	n/a	n/a	0	n/a	0
1667181	COUNTDOWN	n/a	LTP553	ltpDelayRepFRReadOnly	3	n/a	n/a	n/a	n/a	0	n/a	0
1671214	WORD	n/a	LTP553	ltpDelayRepFRReadOnly	3	9	0	PLANKTON	214	1	2	0
1672831	WORD_OFF	n/a	LTP553	ltpDelayRepFRReadOnly	3	9	0	n/a	n/a	0	n/a	0
1675697	WORD	n/a	LTP553	ltpDelayRepFRReadOnly	3	9	1	BASEBALL	252	1	2	0
1677298	WORD_OFF	n/a	LTP553	ltpDelayRepFRReadOnly	3	9	1	n/a	n/a	0	n/a	0
1679931	WORD	n/a	LTP553	ltpDelayRepFRReadOnly	3	9	2	RULER	226	1	1	0
1681531	WORD_OFF	n/a	LTP553	ltpDelayRepFRReadOnly	3	9	2	n/a	n/a	0	n/a	0
1684464	WORD	n/a	LTP553	ltpDelayRepFRReadOnly	3	9	3	CAULIFLOWER	274	1	2	0
1686065	WORD_OFF	n/a	LTP553	ltpDelayRepFRReadOnly	3	9	3	n/a	n/a	0	n/a	0
1689031	WORD	n/a	LTP553	ltpDelayRepFRReadOnly	3	9	4	COLANDER	192	1	1	0
1690632	WORD_OFF	n/a	LTP553	ltpDelayRepFRReadOnly	3	9	4	n/a	n/a	0	n/a	0
1693614	WORD	n/a	LTP553	ltpDelayRepFRReadOnly	3	9	5	STRAWBERRY	137	1	2	0
1695214	WORD_OFF	n/a	LTP553	ltpDelayRepFRReadOnly	3	9	5	n/a	n/a	0	n/a	0
1698199	WORD	n/a	LTP553	ltpDelayRepFRReadOnly	3	9	6	ROSE	123	1	1	0
1699798	WORD_OFF	n/a	LTP553	ltpDelayRepFRReadOnly	3	9	6	n/a	n/a	0	n/a	0
1702449	WORD	n/a	LTP553	ltpDelayRepFRReadOnly	3	9	7	BULL	120	1	2	0
1704048	WORD_OFF	n/a	LTP553	ltpDelayRepFRReadOnly	3	9	7	n/a	n/a	0	n/a	0
1706815	WORD	n/a	LTP553	ltpDelayRepFRReadOnly	3	9	8	CABINET	157	1	1	0
1708414	WORD_OFF	n/a	LTP553	ltpDelayRepFRReadOnly	3	9	8	n/a	n/a	0	n/a	0
1711015	WORD	n/a	LTP553	ltpDelayRepFRReadOnly	3	9	9	TUBA	179	1	2	0
1712615	WORD_OFF	n/a	LTP553	ltpDelayRepFRReadOnly	3	9	9	n/a	n/a	0	n/a	0
1715482	WORD	n/a	LTP553	ltpDelayRepFRReadOnly	3	9	10	DRIZZLE	296	0	1	0
1717082	WORD_OFF	n/a	LTP553	ltpDelayRepFRReadOnly	3	9	10	n/a	n/a	0	n/a	0
1719781	WORD	n/a	LTP553	ltpDelayRepFRReadOnly	3	9	11	PLANKTON	214	1	2	1
1721381	WORD_OFF	n/a	LTP553	ltpDelayRepFRReadOnly	3	9	11	n/a	n/a	0	n/a	0
1724249	WORD	n/a	LTP553	ltpDelayRepFRReadOnly	3	9	12	BASEBALL	252	1	2	1
1725847	WORD_OFF	n/a	LTP553	ltpDelayRepFRReadOnly	3	9	12	n/a	n/a	0	n/a	0
1728681	WORD	n/a	LTP553	ltpDelayRepFRReadOnly	3	9	13	CAULIFLOWER	274	1	2	1
1730283	WORD_OFF	n/a	LTP553	ltpDelayRepFRReadOnly	3	9	13	n/a	n/a	0	n/a	0
1733098	WORD	n/a	LTP553	ltpDelayRepFRReadOnly	3	9	14	STRAWBERRY	137	1	2	1
1734699	WORD_OFF	n/a	LTP553	ltpDelayRepFRReadOnly	3	9	14	n/a	n/a	0	n/a	0
1737332	WORD	n/a	LTP553	ltpDelayRepFRReadOnly	3	9	15	LEVEL	237	1	1	0
1738947	WORD_OFF	n/a	LTP553	ltpDelayRepFRReadOnly	3	9	15	n/a	n/a	0	n/a	0
1741549	WORD	n/a	LTP553	ltpDelayRepFRReadOnly	3	9	16	BULL	120	1	2	1
1743149	WORD_OFF	n/a	LTP553	ltpDelayRepFRReadOnly	3	9	16	n/a	n/a	0	n/a	0
1745947	WORD	n/a	LTP553	ltpDelayRepFRReadOnly	3	9	17	TUBA	179	1	2	1
1747547	WORD_OFF	n/a	LTP553	ltpDelayRepFRReadOnly	3	9	17	n/a	n/a	0	n/a	0
1765415	REC_START	n/a	LTP553	ltpDelayRepFRReadOnly	3	9	n/a	n/a	n/a	0	n/a	0
1766120	REC_WORD	n/a	LTP553	ltpDelayRepFRReadOnly	3	9	n/a	TUBA	179	0	2	1
1767168	REC_WORD	n/a	LTP553	ltpDelayRepFRReadOnly	3	9	n/a	LEVEL	237	0	1	1
1768352	REC_WORD	n/a	LTP553	ltpDelayRepFRReadOnly	3	9	n/a	BULL	120	0	2	1
1769400	REC_WORD	n/a	LTP553	ltpDelayRepFRReadOnly	3	9	n/a	PLANKTON	214	0	2	1
1770636	REC_WORD	n/a	LTP553	ltpDelayRepFRReadOnly	3	9	n/a	BASEBALL	252	0	2	1
1772777	REC_WORD	n/a	LTP553	ltpDelayRepFRReadOnly	3	9	n/a	RULER	226	0	1	1
1775530	REC_WORD	n/a	LTP553	ltpDelayRepFRReadOnly	3	9	n/a	ROSE	123	0	1	1
1777270	REC_WORD_VV	n/a	LTP553	ltpDelayRepFRReadOnly	3	9	n/a	<>	-1	0	n/a	0
1777677	REC_WORD	n/a	LTP553	ltpDelayRepFRReadOnly	3	9	n/a	COLANDER	192	0	1	1
1779382	REC_WORD	n/a	LTP553	ltpDelayRepFRReadOnly	3	9	n/a	CAULIFLOWER	274	0	2	1
1780727	REC_WORD	n/a	LTP553	ltpDelayRepFRReadOnly	3	9	n/a	STRAWBERRY	137	0	2	1
1782246	REC_WORD	n/a	LTP553	ltpDelayRepFRReadOnly	3	9	n/a	CABINET	157	0	1	1
1795920	TRIAL_START	n/a	LTP553	ltpDelayRepFRReadOnly	3	n/a	n/a	n/a	n/a	0	n/a	0
1795920	REC_END	n/a	LTP553	ltpDelayRepFRReadOnly	3	9	n/a	n/a	n/a	0	n/a	0
1805032	COUNTDOWN	n/a	LTP553	ltpDelayRepFRReadOnly	3	n/a	n/a	n/a	n/a	0	n/a	0
1808932	WORD	n/a	LTP553	ltpDelayRepFRReadOnly	3	10	0	SPANDEX	103	1	2	0
1810531	WORD_OFF	n/a	LTP553	ltpDelayRepFRReadOnly	3	10	0	n/a	n/a	0	n/a	0
1813298	WORD	n/a	LTP553	ltpDelayRepFRReadOnly	3	10	1	WINE	24	0	1	0
1814899	WORD_OFF	n/a	LTP553	ltpDelayRepFRReadOnly	3	10	1	n/a	n/a	0	n/a	0
1817515	WORD	n/a	LTP553	ltpDelayRepFRReadOnly	3	10	2	GUITAR	171	1	2	0
1819115	WORD_OFF	n/a	LTP553	ltpDelayRepFRReadOnly	3	10	2	n/a	n/a	0	n/a	0
1821815	WORD	n/a	LTP553	ltpDelayRepFRReadOnly	3	10	3	ORANGUTAN	311	1	2	0
1823415	WORD_OFF	n/a	LTP553	ltpDelayRepFRReadOnly	3	10	3	n/a	n/a	0	n/a	0
1826299	WORD	n/a	LTP553	ltpDelayRepFRReadOnly	3	10	4	AXE	241	0	1	0
1827898	WORD_OFF	n/a	LTP553	ltpDelayRepFRReadOnly	3	10	4	n/a	n/a	0	n/a	0
1830732	WORD	n/a	LTP553	ltpDelayRepFRReadOnly	3	10	5	PINE	254	1	2	0
1832348	WORD_OFF	n/a	LTP553	ltpDelayRepFRReadOnly	3	10	5	n/a	n/a	0	n/a	0
1835131	WORD	n/a	LTP553	ltpDelayRepFRReadOnly	3	10	6	LETTUCE	268	0	1	0
1836731	WORD_OFF	n/a	LTP553	ltpDelayRepFRReadOnly	3	10	6	n/a	n/a	0	n/a	0
1839449	WORD	n/a	LTP553	ltpDelayRepFRReadOnly	3	10	7	FOREST	202	1	1	0
1841048	WORD_OFF	n/a	LTP553	ltpDelayRepFRReadOnly	3	10	7	n/a	n/a	0	n/a	0
1843865	WORD	n/a	LTP553	ltpDelayRepFRReadOnly	3	10	8	PIGEON	26	1	2	0
1845464	WORD_OFF	n/a	LTP553	ltpDelayRepFRReadOnly	3	10	8	n/a	n/a	0	n/a	0
1848281	WORD	n/a	LTP553	ltpDelayRepFRReadOnly	3	10	9	PIG	110	1	1	0
1849881	WORD_OFF	n/a	LTP553	ltpDelayRepFRReadOnly	3	10	9	n/a	n/a	0	n/a	0
1852631	WORD	n/a	LTP553	ltpDelayRepFRReadOnly	3	10	10	TURTLE	215	1	2	0
1854231	WORD_OFF	n/a	LTP553	ltpDelayRepFRReadOnly	3	10	10	n/a	n/a	0	n/a	0
1856782	WORD	n/a	LTP553	ltpDelayRepFRReadOnly	3	10	11	VAN	280	1	1	0
1858381	WORD_OFF	n/a	LTP553	ltpDelayRepFRReadOnly	3	10	11	n/a	n/a	0	n/a	0
1860899	WORD	n/a	LTP553	ltpDelayRepFRReadOnly	3	10	12	SPANDEX	103	1	2	1
1862499	WORD_OFF	n/a	LTP553	ltpDelayRepFRReadOnly	3	10	12	n/a	n/a	0	n/a	0
1865181	WORD	n/a	LTP553	ltpDelayRepFRReadOnly	3	10	13	GUITAR	171	1	2	1
1866782	WORD_OFF	n/a	LTP553	ltpDelayRepFRReadOnly	3	10	13	n/a	n/a	0	n/a	0
1869382	WORD	n/a	LTP553	ltpDelayRepFRReadOnly	3	10	14	PINE	254	1	2	1
1870981	WORD_OFF	n/a	LTP553	ltpDelayRepFRReadOnly	3	10	14	n/a	n/a	0	n/a	0
1873814	WORD	n/a	LTP553	ltpDelayRepFRReadOnly	3	10	15	ORANGUTAN	311	1	2	1
1875414	WORD_OFF	n/a	LTP553	ltpDelayRepFRReadOnly	3	10	15	n/a	n/a	0	n/a	0
1878081	WORD	n/a	LTP553	ltpDelayRepFRReadOnly	3	10	16	PIGEON	26	1	2	1
1879681	WORD_OFF	n/a	LTP553	ltpDelayRepFRReadOnly	3	10	16	n/a	n/a	0	n/a	0
1882616	WORD	n/a	LTP553	ltpDelayRepFRReadOnly	3	10	17	TURTLE	215	1	2	1
1884214	WORD_OFF	n/a	LTP553	ltpDelayRepFRReadOnly	3	10	17	n/a	n/a	0	n/a	0
1902198	REC_START	n/a	LTP553	ltpDelayRepFRReadOnly	3	10	n/a	n/a	n/a	0	n/a	0
1903034	REC_WORD	n/a	LTP553	ltpDelayRepFRReadOnly	3	10	n/a	TURTLE	215	0	2	1
1904135	REC_WORD	n/a	LTP553	ltpDelayRepFRReadOnly	3	10	n/a	VAN	280	0	1	1
1905180	REC_WORD	n/a	LTP553	ltpDelayRepFRReadOnly	3	10	n/a	GUITAR	171	0	2	1
1906296	REC_WORD	n/a	LTP553	ltpDelayRepFRReadOnly	3	10	n/a	SPANDEX	103	0	2	1
1907533	REC_WORD	n/a	LTP553	ltpDelayRepFRReadOnly	3	10	n/a	PIG	110	0	1	1
1908659	REC_WORD	n/a	LTP553	ltpDelayRepFRReadOnly	3	10	n/a	PIGEON	26	0	2	1
1909664	REC_WORD	n/a	LTP553	ltpDelayRepFRReadOnly	3	10	n/a	ORANGUTAN	311	0	2	1
1911499	REC_WORD	n/a	LTP553	ltpDelayRepFRReadOnly	3	10	n/a	GUITAR	171	0	2	1
1918925	REC_WORD	n/a	LTP553	ltpDelayRepFRReadOnly	3	10	n/a	PINE	254	0	2	1
1919968	REC_WORD	n/a	LTP553	ltpDelayRepFRReadOnly	3	10	n/a	FOREST	202	0	1	1
1932701	REC_END	n/a	LTP553	ltpDelayRepFRReadOnly	3	10	n/a	n/a	n/a	0	n/a	0
1932702	TRIAL_START	n/a	LTP553	ltpDelayRepFRReadOnly	3	n/a	n/a	n/a	n/a	0	n/a	0
1953914	COUNTDOWN	n/a	LTP553	ltpDelayRepFRReadOnly	3	n/a	n/a	n/a	n/a	0	n/a	0
1957981	WORD	n/a	LTP553	ltpDelayRepFRReadOnly	3	11	0	BASKETBALL	247	0	2	0
1959581	WORD_OFF	n/a	LTP553	ltpDelayRepFRReadOnly	3	11	0	n/a	n/a	0	n/a	0
1962232	WORD	n/a	LTP553	ltpDelayRepFRReadOnly	3	11	1	BLUEBIRD	31	0	2	0
1963831	WORD_OFF	n/a	LTP553	ltpDelayRepFRReadOnly	3	11	1	n/a	n/a	0	n/a	0
1966331	WORD	n/a	LTP553	ltpDelayRepFRReadOnly	3	11	2	BIRCH	259	0	1	0
1967931	WORD_OFF	n/a	LTP553	ltpDelayRepFRReadOnly	3	11	2	n/a	n/a	0	n/a	0
1970849	WORD	n/a	LTP553	ltpDelayRepFRReadOnly	3	11	3	ERASER	222	1	2	0
1972449	WORD_OFF	n/a	LTP553	ltpDelayRepFRReadOnly	3	11	3	n/a	n/a	0	n/a	0
1975199	WORD	n/a	LTP553	ltpDelayRepFRReadOnly	3	11	4	FLEECE	107	0	2	0
1976799	WORD_OFF	n/a	LTP553	ltpDelayRepFRReadOnly	3	11	4	n/a	n/a	0	n/a	0
1979331	WORD	n/a	LTP553	ltpDelayRepFRReadOnly	3	11	5	CABBAGE	277	1	2	0
1980932	WORD_OFF	n/a	LTP553	ltpDelayRepFRReadOnly	3	11	5	n/a	n/a	0	n/a	0
1983598	WORD	n/a	LTP553	ltpDelayRepFRReadOnly	3	11	6	HURRICANE	300	0	1	0
1985198	WORD_OFF	n/a	LTP553	ltpDelayRepFRReadOnly	3	11	6	n/a	n/a	0	n/a	0
1987798	WORD	n/a	LTP553	ltpDelayRepFRReadOnly	3	11	7	TABLE	151	1	2	0
1989399	WORD_OFF	n/a	LTP553	ltpDelayRepFRReadOnly	3	11	7	n/a	n/a	0	n/a	0
1992082	WORD	n/a	LTP553	ltpDelayRepFRReadOnly	3	11	8	ELBOW	48	0	1	0
1993681	WORD_OFF	n/a	LTP553	ltpDelayRepFRReadOnly	3	11	8	n/a	n/a	0	n/a	0
1996181	WORD	n/a	LTP553	ltpDelayRepFRReadOnly	3	11	9	BASKETBALL	247	0	2	1
1997782	WORD_OFF	n/a	LTP553	ltpDelayRepFRReadOnly	3	11	9	n/a	n/a	0	n/a	0
2000782	WORD	n/a	LTP553	ltpDelayRepFRReadOnly	3	11	10	SHEEP	117	0	1	0
2002382	WORD_OFF	n/a	LTP553	ltpDelayRepFRReadOnly	3	11	10	n/a	n/a	0	n/a	0
2004915	WORD	n/a	LTP553	ltpDelayRepFRReadOnly	3	11	11	BLUEBIRD	31	0	2	1
2006516	WORD_OFF	n/a	LTP553	ltpDelayRepFRReadOnly	3	11	11	n/a	n/a	0	n/a	0
2009415	WORD	n/a	LTP553	ltpDelayRepFRReadOnly	3	11	12	FLEECE	107	0	2	1
2011015	WORD_OFF	n/a	LTP553	ltpDelayRepFRReadOnly	3	11	12	n/a	n/a	0	n/a	0
2013698	WORD	n/a	LTP553	ltpDelayRepFRReadOnly	3	11	13	CHEETAH	312	0	1	0
2015298	WORD_OFF	n/a	LTP553	ltpDelayRepFRReadOnly	3	11	13	n/a	n/a	0	n/a	0
2018048	WORD	n/a	LTP553	ltpDelayRepFRReadOnly	3	11	14	ERASER	222	1	2	1
2019649	WORD_OFF	n/a	LTP553	ltpDelayRepFRReadOnly	3	11	14	n/a	n/a	0	n/a	0
2022566	WORD	n/a	LTP553	ltpDelayRepFRReadOnly	3	11	15	SQUID	216	1	1	0
2024165	WORD_OFF	n/a	LTP553	ltpDelayRepFRReadOnly	3	11	15	n/a	n/a	0	n/a	0
2026982	WORD	n/a	LTP553	ltpDelayRepFRReadOnly	3	11	16	CABBAGE	277	1	2	1
2028581	WORD_OFF	n/a	LTP553	ltpDelayRepFRReadOnly	3	11	16	n/a	n/a	0	n/a	0
2031299	WORD	n/a	LTP553	ltpDelayRepFRReadOnly	3	11	17	TABLE	151	1	2	1
2032899	WORD_OFF	n/a	LTP553	ltpDelayRepFRReadOnly	3	11	17	n/a	n/a	0	n/a	0
2050583	REC_START	n/a	LTP553	ltpDelayRepFRReadOnly	3	11	n/a	n/a	n/a	0	n/a	0
2051404	REC_WORD	n/a	LTP553	ltpDelayRepFRReadOnly	3	11	n/a	TABLE	151	0	2	1
2052586	REC_WORD	n/a	LTP553	ltpDelayRepFRReadOnly	3	11	n/a	SQUID	216	0	1	1
2054168	REC_WORD	n/a	LTP553	ltpDelayRepFRReadOnly	3	11	n/a	ERASER	222	0	2	1
2057490	REC_WORD	n/a	LTP553	ltpDelayRepFRReadOnly	3	11	n/a	CABBAGE	277	0	2	1
2081086	REC_END	n/a	LTP553	ltpDelayRepFRReadOnly	3	11	n/a	n/a	n/a	0	n/a	0
2081086	TRIAL_START	n/a	LTP553	ltpDelayRepFRReadOnly	3	n/a	n/a	n/a	n/a	0	n/a	0
2125799	COUNTDOWN	n/a	LTP553	ltpDelayRepFRReadOnly	3	n/a	n/a	n/a	n/a	0	n/a	0
2129798	WORD	n/a	LTP553	ltpDelayRepFRReadOnly	3	12	0	FORK	185	1	1	0
2131416	WORD_OFF	n/a	LTP553	ltpDelayRepFRReadOnly	3	12	0	n/a	n/a	0	n/a	0
2133999	WORD	n/a	LTP553	ltpDelayRepFRReadOnly	3	12	1	MIXER	11	1	1	0
2135599	WORD_OFF	n/a	LTP553	ltpDelayRepFRReadOnly	3	12	1	n/a	n/a	0	n/a	0
2138266	WORD	n/a	LTP553	ltpDelayRepFRReadOnly	3	12	2	GOOSE	36	1	2	0
2139866	WORD_OFF	n/a	LTP553	ltpDelayRepFRReadOnly	3	12	2	n/a	n/a	0	n/a	0
2142649	WORD	n/a	LTP553	ltpDelayRepFRReadOnly	3	12	3	CELERY	271	1	1	0
2144249	WORD_OFF	n/a	LTP553	ltpDelayRepFRReadOnly	3	12	3	n/a	n/a	0	n/a	0
2146916	WORD	n/a	LTP553	ltpDelayRepFRReadOnly	3	12	4	CALCULATOR	96	1	2	0
2148515	WORD_OFF	n/a	LTP553	ltpDelayRepFRReadOnly	3	12	4	n/a	n/a	0	n/a	0
2151332	WORD	n/a	LTP553	ltpDelayRepFRReadOnly	3	12	5	DESK	152	0	1	0
2152932	WORD_OFF	n/a	LTP553	ltpDelayRepFRReadOnly	3	12	5	n/a	n/a	0	n/a	0
2155449	WORD	n/a	LTP553	ltpDelayRepFRReadOnly	3	12	6	PIANO	170	1	2	0
2157048	WORD_OFF	n/a	LTP553	ltpDelayRepFRReadOnly	3	12	6	n/a	n/a	0	n/a	0
2159616	WORD	n/a	LTP553	ltpDelayRepFRReadOnly	3	12	7	UNDERWEAR	69	1	2	0
2161216	WORD_OFF	n/a	LTP553	ltpDelayRepFRReadOnly	3	12	7	n/a	n/a	0	n/a	0
2164065	WORD	n/a	LTP553	ltpDelayRepFRReadOnly	3	12	8	ORCHID	130	1	2	0
2165665	WORD_OFF	n/a	LTP553	ltpDelayRepFRReadOnly	3	12	8	n/a	n/a	0	n/a	0
2168183	WORD	n/a	LTP553	ltpDelayRepFRReadOnly	3	12	9	LOBSTER	209	1	2	0
2169782	WORD_OFF	n/a	LTP553	ltpDelayRepFRReadOnly	3	12	9	n/a	n/a	0	n/a	0
2172548	WORD	n/a	LTP553	ltpDelayRepFRReadOnly	3	12	10	CALCULATOR	96	1	2	1
2174149	WORD_OFF	n/a	LTP553	ltpDelayRepFRReadOnly	3	12	10	n/a	n/a	0	n/a	0
2176649	WORD	n/a	LTP553	ltpDelayRepFRReadOnly	3	12	11	MILK	21	1	1	0
2178249	WORD_OFF	n/a	LTP553	ltpDelayRepFRReadOnly	3	12	11	n/a	n/a	0	n/a	0
2180899	WORD	n/a	LTP553	ltpDelayRepFRReadOnly	3	12	12	PIANO	170	1	2	1
2182498	WORD_OFF	n/a	LTP553	ltpDelayRepFRReadOnly	3	12	12	n/a	n/a	0	n/a	0
2185199	WORD	n/a	LTP553	ltpDelayRepFRReadOnly	3	12	13	GOOSE	36	1	2	1
2186816	WORD_OFF	n/a	LTP553	ltpDelayRepFRReadOnly	3	12	13	n/a	n/a	0	n/a	0
2189432	WORD	n/a	LTP553	ltpDelayRepFRReadOnly	3	12	14	UNDERWEAR	69	1	2	1
2191032	WORD_OFF	n/a	LTP553	ltpDelayRepFRReadOnly	3	12	14	n/a	n/a	0	n/a	0
2193999	WORD	n/a	LTP553	ltpDelayRepFRReadOnly	3	12	15	CLOUD	294	1	1	0
2195616	WORD_OFF	n/a	LTP553	ltpDelayRepFRReadOnly	3	12	15	n/a	n/a	0	n/a	0
2198315	WORD	n/a	LTP553	ltpDelayRepFRReadOnly	3	12	16	ORCHID	130	1	2	1
2199916	WORD_OFF	n/a	LTP553	ltpDelayRepFRReadOnly	3	12	16	n/a	n/a	0	n/a	0
2202449	WORD	n/a	LTP553	ltpDelayRepFRReadOnly	3	12	17	LOBSTER	209	1	2	1
2204048	WORD_OFF	n/a	LTP553	ltpDelayRepFRReadOnly	3	12	17	n/a	n/a	0	n/a	0
2221932	REC_START	n/a	LTP553	ltpDelayRepFRReadOnly	3	12	n/a	n/a	n/a	0	n/a	0
2222773	REC_WORD	n/a	LTP553	ltpDelayRepFRReadOnly	3	12	n/a	LOBSTER	209	0	2	1
2223842	REC_WORD	n/a	LTP553	ltpDelayRepFRReadOnly	3	12	n/a	CLOUD	294	0	1	1
2225619	REC_WORD	n/a	LTP553	ltpDelayRepFRReadOnly	3	12	n/a	CALCULATOR	96	0	2	1
2226927	REC_WORD	n/a	LTP553	ltpDelayRepFRReadOnly	3	12	n/a	MIXER	11	0	1	1
2228121	REC_WORD	n/a	LTP553	ltpDelayRepFRReadOnly	3	12	n/a	FORK	185	0	1	1
2229422	REC_WORD	n/a	LTP553	ltpDelayRepFRReadOnly	3	12	n/a	GOOSE	36	0	2	1
2230632	REC_WORD	n/a	LTP553	ltpDelayRepFRReadOnly	3	12	n/a	CELERY	271	0	1	1
2233077	REC_WORD	n/a	LTP553	ltpDelayRepFRReadOnly	3	12	n/a	PIANO	170	0	2	1
2234328	REC_WORD	n/a	LTP553	ltpDelayRepFRReadOnly	3	12	n/a	UNDERWEAR	69	0	2	1
2236751	REC_WORD	n/a	LTP553	ltpDelayRepFRReadOnly	3	12	n/a	LOBSTER	209	0	2	1
2240244	REC_WORD	n/a	LTP553	ltpDelayRepFRReadOnly	3	12	n/a	ORCHID	130	0	2	1
2243869	REC_WORD	n/a	LTP553	ltpDelayRepFRReadOnly	3	12	n/a	MILK	21	0	1	1
2252436	TRIAL_START	n/a	LTP553	ltpDelayRepFRReadOnly	3	n/a	n/a	n/a	n/a	0	n/a	0
2252436	REC_END	n/a	LTP553	ltpDelayRepFRReadOnly	3	12	n/a	n/a	n/a	0	n/a	0
2263133	COUNTDOWN	n/a	LTP553	ltpDelayRepFRReadOnly	3	n/a	n/a	n/a	n/a	0	n/a	0
2267199	WORD	n/a	LTP553	ltpDelayRepFRReadOnly	3	13	0	PIE	75	1	1	0
2268798	WORD_OFF	n/a	LTP553	ltpDelayRepFRReadOnly	3	13	0	n/a	n/a	0	n/a	0
2271466	WORD	n/a	LTP553	ltpDelayRepFRReadOnly	3	13	1	MAPLE	256	1	2	0
2273066	WORD_OFF	n/a	LTP553	ltpDelayRepFRReadOnly	3	13	1	n/a	n/a	0	n/a	0
2275798	WORD	n/a	LTP553	ltpDelayRepFRReadOnly	3	13	2	SHOES	72	1	2	0
2277399	WORD_OFF	n/a	LTP553	ltpDelayRepFRReadOnly	3	13	2	n/a	n/a	0	n/a	0
2280133	WORD	n/a	LTP553	ltpDelayRepFRReadOnly	3	13	3	NYLON	101	1	2	0
2281732	WORD_OFF	n/a	LTP553	ltpDelayRepFRReadOnly	3	13	3	n/a	n/a	0	n/a	0
2284348	WORD	n/a	LTP553	ltpDelayRepFRReadOnly	3	13	4	GIRAFFE	305	1	2	0
2285948	WORD_OFF	n/a	LTP553	ltpDelayRepFRReadOnly	3	13	4	n/a	n/a	0	n/a	0
2288666	WORD	n/a	LTP553	ltpDelayRepFRReadOnly	3	13	5	SODA	15	0	1	0
2290266	WORD_OFF	n/a	LTP553	ltpDelayRepFRReadOnly	3	13	5	n/a	n/a	0	n/a	0
2293083	WORD	n/a	LTP553	ltpDelayRepFRReadOnly	3	13	6	ROACH	165	1	1	0
2294682	WORD_OFF	n/a	LTP553	ltpDelayRepFRReadOnly	3	13	6	n/a	n/a	0	n/a	0
2297466	WORD	n/a	LTP553	ltpDelayRepFRReadOnly	3	13	7	VACUUM	12	1	2	0
2299065	WORD_OFF	n/a	LTP553	ltpDelayRepFRReadOnly	3	13	7	n/a	n/a	0	n/a	0
2301915	WORD	n/a	LTP553	ltpDelayRepFRReadOnly	3	13	8	CAR	278	1	2	0
2303516	WORD_OFF	n/a	LTP553	ltpDelayRepFRReadOnly	3	13	8	n/a	n/a	0	n/a	0
2306384	WORD	n/a	LTP553	ltpDelayRepFRReadOnly	3	13	9	SHOES	72	1	2	1
2307982	WORD_OFF	n/a	LTP553	ltpDelayRepFRReadOnly	3	13	9	n/a	n/a	0	n/a	0
2310732	WORD	n/a	LTP553	ltpDelayRepFRReadOnly	3	13	10	MAPLE	256	1	2	1
2312332	WORD_OFF	n/a	LTP553	ltpDelayRepFRReadOnly	3	13	10	n/a	n/a	0	n/a	0
2315116	WORD	n/a	LTP553	ltpDelayRepFRReadOnly	3	13	11	SEAGULL	34	1	1	0
2316715	WORD_OFF	n/a	LTP553	ltpDelayRepFRReadOnly	3	13	11	n/a	n/a	0	n/a	0
2319499	WORD	n/a	LTP553	ltpDelayRepFRReadOnly	3	13	12	TOE	47	1	1	0
2321099	WORD_OFF	n/a	LTP553	ltpDelayRepFRReadOnly	3	13	12	n/a	n/a	0	n/a	0
2323716	WORD	n/a	LTP553	ltpDelayRepFRReadOnly	3	13	13	NYLON	101	1	2	1
2325316	WORD_OFF	n/a	LTP553	ltpDelayRepFRReadOnly	3	13	13	n/a	n/a	0	n/a	0
2328315	WORD	n/a	LTP553	ltpDelayRepFRReadOnly	3	13	14	GIRAFFE	305	1	2	1
2329915	WORD_OFF	n/a	LTP553	ltpDelayRepFRReadOnly	3	13	14	n/a	n/a	0	n/a	0
2332598	WORD	n/a	LTP553	ltpDelayRepFRReadOnly	3	13	15	HILLS	199	1	1	0
2334199	WORD_OFF	n/a	LTP553	ltpDelayRepFRReadOnly	3	13	15	n/a	n/a	0	n/a	0
2337083	WORD	n/a	LTP553	ltpDelayRepFRReadOnly	3	13	16	VACUUM	12	1	2	1
2338700	WORD_OFF	n/a	LTP553	ltpDelayRepFRReadOnly	3	13	16	n/a	n/a	0	n/a	0
2341349	WORD	n/a	LTP553	ltpDelayRepFRReadOnly	3	13	17	CAR	278	1	2	1
2342949	WORD_OFF	n/a	LTP553	ltpDelayRepFRReadOnly	3	13	17	n/a	n/a	0	n/a	0
2360833	REC_START	n/a	LTP553	ltpDelayRepFRReadOnly	3	13	n/a	n/a	n/a	0	n/a	0
2361626	REC_WORD	n/a	LTP553	ltpDelayRepFRReadOnly	3	13	n/a	CAR	278	0	2	1
2362690	REC_WORD	n/a	LTP553	ltpDelayRepFRReadOnly	3	13	n/a	SEAGULL	34	0	1	1
2364122	REC_WORD	n/a	LTP553	ltpDelayRepFRReadOnly	3	13	n/a	TOE	47	0	1	1
2365356	REC_WORD	n/a	LTP553	ltpDelayRepFRReadOnly	3	13	n/a	MAPLE	256	0	2	1
2366638	REC_WORD	n/a	LTP553	ltpDelayRepFRReadOnly	3	13	n/a	PIE	75	0	1	1
2367832	REC_WORD	n/a	LTP553	ltpDelayRepFRReadOnly	3	13	n/a	SHOES	72	0	2	1
2369217	REC_WORD	n/a	LTP553	ltpDelayRepFRReadOnly	3	13	n/a	NYLON	101	0	2	1
2370658	REC_WORD	n/a	LTP553	ltpDelayRepFRReadOnly	3	13	n/a	GIRAFFE	305	0	2	1
2373768	REC_WORD	n/a	LTP553	ltpDelayRepFRReadOnly	3	13	n/a	VACUUM	12	0	2	1
2375178	REC_WORD	n/a	LTP553	ltpDelayRepFRReadOnly	3	13	n/a	ROACH	165	0	1	1
2387347	REC_WORD	n/a	LTP553	ltpDelayRepFRReadOnly	3	13	n/a	HILLS	199	0	1	1
2391337	TRIAL_START	n/a	LTP553	ltpDelayRepFRReadOnly	3	n/a	n/a	n/a	n/a	0	n/a	0
2391337	REC_END	n/a	LTP553	ltpDelayRepFRReadOnly	3	13	n/a	n/a	n/a	0	n/a	0
2391349	BREAK_START	n/a	LTP553	ltpDelayRepFRReadOnly	3	n/a	n/a	n/a	n/a	0	n/a	0
2392349	BREAK_STOP	n/a	LTP553	ltpDelayRepFRReadOnly	3	n/a	n/a	n/a	n/a	0	n/a	0
2466200	COUNTDOWN	n/a	LTP553	ltpDelayRepFRReadOnly	3	n/a	n/a	n/a	n/a	0	n/a	0
2470249	WORD	n/a	LTP553	ltpDelayRepFRReadOnly	3	14	0	CHAIR	147	1	2	0
2471850	WORD_OFF	n/a	LTP553	ltpDelayRepFRReadOnly	3	14	0	n/a	n/a	0	n/a	0
2474432	WORD	n/a	LTP553	ltpDelayRepFRReadOnly	3	14	1	DOLL	242	1	1	0
2476032	WORD_OFF	n/a	LTP553	ltpDelayRepFRReadOnly	3	14	1	n/a	n/a	0	n/a	0
2478783	WORD	n/a	LTP553	ltpDelayRepFRReadOnly	3	14	2	MOTH	166	1	2	0
2480382	WORD_OFF	n/a	LTP553	ltpDelayRepFRReadOnly	3	14	2	n/a	n/a	0	n/a	0
2483350	WORD	n/a	LTP553	ltpDelayRepFRReadOnly	3	14	3	SPINACH	269	1	1	0
2484949	WORD_OFF	n/a	LTP553	ltpDelayRepFRReadOnly	3	14	3	n/a	n/a	0	n/a	0
2487765	WORD	n/a	LTP553	ltpDelayRepFRReadOnly	3	14	4	CARDINAL	29	1	2	0
2489366	WORD_OFF	n/a	LTP553	ltpDelayRepFRReadOnly	3	14	4	n/a	n/a	0	n/a	0
2491949	WORD	n/a	LTP553	ltpDelayRepFRReadOnly	3	14	5	GOAT	118	1	2	0
2493567	WORD_OFF	n/a	LTP553	ltpDelayRepFRReadOnly	3	14	5	n/a	n/a	0	n/a	0
2496466	WORD	n/a	LTP553	ltpDelayRepFRReadOnly	3	14	6	SCANNER	93	1	1	0
2498066	WORD_OFF	n/a	LTP553	ltpDelayRepFRReadOnly	3	14	6	n/a	n/a	0	n/a	0
2501066	WORD	n/a	LTP553	ltpDelayRepFRReadOnly	3	14	7	CREEK	203	1	2	0
2502666	WORD_OFF	n/a	LTP553	ltpDelayRepFRReadOnly	3	14	7	n/a	n/a	0	n/a	0
2505516	WORD	n/a	LTP553	ltpDelayRepFRReadOnly	3	14	8	TORNADO	301	1	2	0
2507116	WORD_OFF	n/a	LTP553	ltpDelayRepFRReadOnly	3	14	8	n/a	n/a	0	n/a	0
2509949	WORD	n/a	LTP553	ltpDelayRepFRReadOnly	3	14	9	BROWNIES	76	1	1	0
2511549	WORD_OFF	n/a	LTP553	ltpDelayRepFRReadOnly	3	14	9	n/a	n/a	0	n/a	0
2514316	WORD	n/a	LTP553	ltpDelayRepFRReadOnly	3	14	10	MOTH	166	1	2	1
2515932	WORD_OFF	n/a	LTP553	ltpDelayRepFRReadOnly	3	14	10	n/a	n/a	0	n/a	0
2518633	WORD	n/a	LTP553	ltpDelayRepFRReadOnly	3	14	11	CHAIR	147	1	2	1
2520232	WORD_OFF	n/a	LTP553	ltpDelayRepFRReadOnly	3	14	11	n/a	n/a	0	n/a	0
2522782	WORD	n/a	LTP553	ltpDelayRepFRReadOnly	3	14	12	CARDINAL	29	1	2	1
2524384	WORD_OFF	n/a	LTP553	ltpDelayRepFRReadOnly	3	14	12	n/a	n/a	0	n/a	0
2527266	WORD	n/a	LTP553	ltpDelayRepFRReadOnly	3	14	13	HEAD	44	1	1	0
2528866	WORD_OFF	n/a	LTP553	ltpDelayRepFRReadOnly	3	14	13	n/a	n/a	0	n/a	0
2531817	WORD	n/a	LTP553	ltpDelayRepFRReadOnly	3	14	14	DOOR	52	1	1	0
2533416	WORD_OFF	n/a	LTP553	ltpDelayRepFRReadOnly	3	14	14	n/a	n/a	0	n/a	0
2536266	WORD	n/a	LTP553	ltpDelayRepFRReadOnly	3	14	15	CREEK	203	1	2	1
2537866	WORD_OFF	n/a	LTP553	ltpDelayRepFRReadOnly	3	14	15	n/a	n/a	0	n/a	0
2540384	WORD	n/a	LTP553	ltpDelayRepFRReadOnly	3	14	16	TORNADO	301	1	2	1
2541983	WORD_OFF	n/a	LTP553	ltpDelayRepFRReadOnly	3	14	16	n/a	n/a	0	n/a	0
2544516	WORD	n/a	LTP553	ltpDelayRepFRReadOnly	3	14	17	GOAT	118	1	2	1
2546116	WORD_OFF	n/a	LTP553	ltpDelayRepFRReadOnly	3	14	17	n/a	n/a	0	n/a	0
2563966	REC_START	n/a	LTP553	ltpDelayRepFRReadOnly	3	14	n/a	n/a	n/a	0	n/a	0
2565168	REC_WORD	n/a	LTP553	ltpDelayRepFRReadOnly	3	14	n/a	TORNADO	301	0	2	1
2566432	REC_WORD	n/a	LTP553	ltpDelayRepFRReadOnly	3	14	n/a	GOAT	118	0	2	1
2567359	REC_WORD	n/a	LTP553	ltpDelayRepFRReadOnly	3	14	n/a	SCANNER	93	0	1	1
2568779	REC_WORD	n/a	LTP553	ltpDelayRepFRReadOnly	3	14	n/a	CREEK	203	0	2	1
2570789	REC_WORD	n/a	LTP553	ltpDelayRepFRReadOnly	3	14	n/a	SPINACH	269	0	1	1
2572199	REC_WORD	n/a	LTP553	ltpDelayRepFRReadOnly	3	14	n/a	DOLL	242	0	1	1
2573359	REC_WORD	n/a	LTP553	ltpDelayRepFRReadOnly	3	14	n/a	CHAIR	147	0	2	1
2574526	REC_WORD	n/a	LTP553	ltpDelayRepFRReadOnly	3	14	n/a	MOTH	166	0	2	1
2575679	REC_WORD	n/a	LTP553	ltpDelayRepFRReadOnly	3	14	n/a	CARDINAL	29	0	2	1
2576849	REC_WORD	n/a	LTP553	ltpDelayRepFRReadOnly	3	14	n/a	BROWNIES	76	0	1	1
2578428	REC_WORD	n/a	LTP553	ltpDelayRepFRReadOnly	3	14	n/a	DOOR	52	0	1	1
2580353	REC_WORD	n/a	LTP553	ltpDelayRepFRReadOnly	3	14	n/a	HEAD	44	0	1	1
2594471	TRIAL_START	n/a	LTP553	ltpDelayRepFRReadOnly	3	n/a	n/a	n/a	n/a	0	n/a	0
2594471	REC_END	n/a	LTP553	ltpDelayRepFRReadOnly	3	14	n/a	n/a	n/a	0	n/a	0
2616883	COUNTDOWN	n/a	LTP553	ltpDelayRepFRReadOnly	3	n/a	n/a	n/a	n/a	0	n/a	0
2620767	WORD	n/a	LTP553	ltpDelayRepFRReadOnly	3	15	0	BIKE	286	1	2	0
2622367	WORD_OFF	n/a	LTP553	ltpDelayRepFRReadOnly	3	15	0	n/a	n/a	0	n/a	0
2624950	WORD	n/a	LTP553	ltpDelayRepFRReadOnly	3	15	1	GRAPE	138	1	1	0
2626551	WORD_OFF	n/a	LTP553	ltpDelayRepFRReadOnly	3	15	1	n/a	n/a	0	n/a	0
2629383	WORD	n/a	LTP553	ltpDelayRepFRReadOnly	3	15	2	OCEAN	196	1	2	0
2630983	WORD_OFF	n/a	LTP553	ltpDelayRepFRReadOnly	3	15	2	n/a	n/a	0	n/a	0
2633534	WORD	n/a	LTP553	ltpDelayRepFRReadOnly	3	15	3	LEMONADE	17	0	2	0
2635133	WORD_OFF	n/a	LTP553	ltpDelayRepFRReadOnly	3	15	3	n/a	n/a	0	n/a	0
2637800	WORD	n/a	LTP553	ltpDelayRepFRReadOnly	3	15	4	FLY	159	1	1	0
2639400	WORD_OFF	n/a	LTP553	ltpDelayRepFRReadOnly	3	15	4	n/a	n/a	0	n/a	0
2642100	WORD	n/a	LTP553	ltpDelayRepFRReadOnly	3	15	5	RADIO	90	1	1	0
2643700	WORD_OFF	n/a	LTP553	ltpDelayRepFRReadOnly	3	15	5	n/a	n/a	0	n/a	0
2646283	WORD	n/a	LTP553	ltpDelayRepFRReadOnly	3	15	6	COBBLER	83	1	2	0
2647883	WORD_OFF	n/a	LTP553	ltpDelayRepFRReadOnly	3	15	6	n/a	n/a	0	n/a	0
2650617	WORD	n/a	LTP553	ltpDelayRepFRReadOnly	3	15	7	OCTOPUS	217	1	2	0
2652217	WORD_OFF	n/a	LTP553	ltpDelayRepFRReadOnly	3	15	7	n/a	n/a	0	n/a	0
2655200	WORD	n/a	LTP553	ltpDelayRepFRReadOnly	3	15	8	STOVE	4	1	1	0
2656800	WORD_OFF	n/a	LTP553	ltpDelayRepFRReadOnly	3	15	8	n/a	n/a	0	n/a	0
2659700	WORD	n/a	LTP553	ltpDelayRepFRReadOnly	3	15	9	CARNATION	126	1	2	0
2661300	WORD_OFF	n/a	LTP553	ltpDelayRepFRReadOnly	3	15	9	n/a	n/a	0	n/a	0
2663950	WORD	n/a	LTP553	ltpDelayRepFRReadOnly	3	15	10	ELEPHANT	303	1	1	0
2665550	WORD_OFF	n/a	LTP553	ltpDelayRepFRReadOnly	3	15	10	n/a	n/a	0	n/a	0
2668083	WORD	n/a	LTP553	ltpDelayRepFRReadOnly	3	15	11	LEMONADE	17	0	2	1
2669683	WORD_OFF	n/a	LTP553	ltpDelayRepFRReadOnly	3	15	11	n/a	n/a	0	n/a	0
2672416	WORD	n/a	LTP553	ltpDelayRepFRReadOnly	3	15	12	OCEAN	196	1	2	1
2674017	WORD_OFF	n/a	LTP553	ltpDelayRepFRReadOnly	3	15	12	n/a	n/a	0	n/a	0
2676833	WORD	n/a	LTP553	ltpDelayRepFRReadOnly	3	15	13	BIKE	286	1	2	1
2678434	WORD_OFF	n/a	LTP553	ltpDelayRepFRReadOnly	3	15	13	n/a	n/a	0	n/a	0
2681267	WORD	n/a	LTP553	ltpDelayRepFRReadOnly	3	15	14	OCTOPUS	217	1	2	1
2682867	WORD_OFF	n/a	LTP553	ltpDelayRepFRReadOnly	3	15	14	n/a	n/a	0	n/a	0
2685550	WORD	n/a	LTP553	ltpDelayRepFRReadOnly	3	15	15	COBBLER	83	1	2	1
2687150	WORD_OFF	n/a	LTP553	ltpDelayRepFRReadOnly	3	15	15	n/a	n/a	0	n/a	0
2689949	WORD	n/a	LTP553	ltpDelayRepFRReadOnly	3	15	16	BROCCOLI	266	0	1	0
2691549	WORD_OFF	n/a	LTP553	ltpDelayRepFRReadOnly	3	15	16	n/a	n/a	0	n/a	0
2694149	WORD	n/a	LTP553	ltpDelayRepFRReadOnly	3	15	17	CARNATION	126	1	2	1
2695767	WORD_OFF	n/a	LTP553	ltpDelayRepFRReadOnly	3	15	17	n/a	n/a	0	n/a	0
2713449	REC_START	n/a	LTP553	ltpDelayRepFRReadOnly	3	15	n/a	n/a	n/a	0	n/a	0
2714336	REC_WORD	n/a	LTP553	ltpDelayRepFRReadOnly	3	15	n/a	ELEPHANT	303	0	1	1
2715303	REC_WORD	n/a	LTP553	ltpDelayRepFRReadOnly	3	15	n/a	CARNATION	126	0	2	1
2716584	REC_WORD	n/a	LTP553	ltpDelayRepFRReadOnly	3	15	n/a	RADIO	90	0	1	1
2717909	REC_WORD	n/a	LTP553	ltpDelayRepFRReadOnly	3	15	n/a	GRAPE	138	0	1	1
2719161	REC_WORD	n/a	LTP553	ltpDelayRepFRReadOnly	3	15	n/a	BIKE	286	0	2	1
2720345	REC_WORD	n/a	LTP553	ltpDelayRepFRReadOnly	3	15	n/a	OCEAN	196	0	2	1
2721878	REC_WORD	n/a	LTP553	ltpDelayRepFRReadOnly	3	15	n/a	FLY	159	0	1	1
2725046	REC_WORD	n/a	LTP553	ltpDelayRepFRReadOnly	3	15	n/a	OCTOPUS	217	0	2	1
2726393	REC_WORD	n/a	LTP553	ltpDelayRepFRReadOnly	3	15	n/a	COBBLER	83	0	2	1
2727665	REC_WORD	n/a	LTP553	ltpDelayRepFRReadOnly	3	15	n/a	STOVE	4	0	1	1
2743954	REC_END	n/a	LTP553	ltpDelayRepFRReadOnly	3	15	n/a	n/a	n/a	0	n/a	0
2743954	TRIAL_START	n/a	LTP553	ltpDelayRepFRReadOnly	3	n/a	n/a	n/a	n/a	0	n/a	0
2762600	COUNTDOWN	n/a	LTP553	ltpDelayRepFRReadOnly	3	n/a	n/a	n/a	n/a	0	n/a	0
2766701	WORD	n/a	LTP553	ltpDelayRepFRReadOnly	3	16	0	BANJO	180	1	2	0
2768299	WORD_OFF	n/a	LTP553	ltpDelayRepFRReadOnly	3	16	0	n/a	n/a	0	n/a	0
2770949	WORD	n/a	LTP553	ltpDelayRepFRReadOnly	3	16	1	ORANGE	135	0	2	0
2772550	WORD_OFF	n/a	LTP553	ltpDelayRepFRReadOnly	3	16	1	n/a	n/a	0	n/a	0
2775249	WORD	n/a	LTP553	ltpDelayRepFRReadOnly	3	16	2	RUM	25	0	1	0
2776851	WORD_OFF	n/a	LTP553	ltpDelayRepFRReadOnly	3	16	2	n/a	n/a	0	n/a	0
2779567	WORD	n/a	LTP553	ltpDelayRepFRReadOnly	3	16	3	BINDER	224	1	2	0
2781167	WORD_OFF	n/a	LTP553	ltpDelayRepFRReadOnly	3	16	3	n/a	n/a	0	n/a	0
2784149	WORD	n/a	LTP553	ltpDelayRepFRReadOnly	3	16	4	BUS	281	1	1	0
2785750	WORD_OFF	n/a	LTP553	ltpDelayRepFRReadOnly	3	16	4	n/a	n/a	0	n/a	0
2788701	WORD	n/a	LTP553	ltpDelayRepFRReadOnly	3	16	5	TIGER	306	1	2	0
2790300	WORD_OFF	n/a	LTP553	ltpDelayRepFRReadOnly	3	16	5	n/a	n/a	0	n/a	0
2792867	WORD	n/a	LTP553	ltpDelayRepFRReadOnly	3	16	6	PLIERS	234	0	2	0
2794483	WORD_OFF	n/a	LTP553	ltpDelayRepFRReadOnly	3	16	6	n/a	n/a	0	n/a	0
2797134	WORD	n/a	LTP553	ltpDelayRepFRReadOnly	3	16	7	DRYER	8	0	1	0
2798733	WORD_OFF	n/a	LTP553	ltpDelayRepFRReadOnly	3	16	7	n/a	n/a	0	n/a	0
2801449	WORD	n/a	LTP553	ltpDelayRepFRReadOnly	3	16	8	JELLYFISH	212	0	1	0
2803049	WORD_OFF	n/a	LTP553	ltpDelayRepFRReadOnly	3	16	8	n/a	n/a	0	n/a	0
2805950	WORD	n/a	LTP553	ltpDelayRepFRReadOnly	3	16	9	WHISK	186	1	1	0
2807549	WORD_OFF	n/a	LTP553	ltpDelayRepFRReadOnly	3	16	9	n/a	n/a	0	n/a	0
2810384	WORD	n/a	LTP553	ltpDelayRepFRReadOnly	3	16	10	BARBIE	245	1	2	0
2811984	WORD_OFF	n/a	LTP553	ltpDelayRepFRReadOnly	3	16	10	n/a	n/a	0	n/a	0
2814751	WORD	n/a	LTP553	ltpDelayRepFRReadOnly	3	16	11	BANJO	180	1	2	1
2816351	WORD_OFF	n/a	LTP553	ltpDelayRepFRReadOnly	3	16	11	n/a	n/a	0	n/a	0
2819333	WORD	n/a	LTP553	ltpDelayRepFRReadOnly	3	16	12	ORANGE	135	0	2	1
2820933	WORD_OFF	n/a	LTP553	ltpDelayRepFRReadOnly	3	16	12	n/a	n/a	0	n/a	0
2823583	WORD	n/a	LTP553	ltpDelayRepFRReadOnly	3	16	13	TIGER	306	1	2	1
2825183	WORD_OFF	n/a	LTP553	ltpDelayRepFRReadOnly	3	16	13	n/a	n/a	0	n/a	0
2827733	WORD	n/a	LTP553	ltpDelayRepFRReadOnly	3	16	14	BINDER	224	1	2	1
2829333	WORD_OFF	n/a	LTP553	ltpDelayRepFRReadOnly	3	16	14	n/a	n/a	0	n/a	0
2831917	WORD	n/a	LTP553	ltpDelayRepFRReadOnly	3	16	15	PLIERS	234	0	2	1
2833533	WORD_OFF	n/a	LTP553	ltpDelayRepFRReadOnly	3	16	15	n/a	n/a	0	n/a	0
2836334	WORD	n/a	LTP553	ltpDelayRepFRReadOnly	3	16	16	SUEDE	109	0	1	0
2837933	WORD_OFF	n/a	LTP553	ltpDelayRepFRReadOnly	3	16	16	n/a	n/a	0	n/a	0
2840450	WORD	n/a	LTP553	ltpDelayRepFRReadOnly	3	16	17	BARBIE	245	1	2	1
2842050	WORD_OFF	n/a	LTP553	ltpDelayRepFRReadOnly	3	16	17	n/a	n/a	0	n/a	0
2859583	REC_START	n/a	LTP553	ltpDelayRepFRReadOnly	3	16	n/a	n/a	n/a	0	n/a	0
2860444	REC_WORD	n/a	LTP553	ltpDelayRepFRReadOnly	3	16	n/a	BARBIE	245	0	2	1
2861381	REC_WORD	n/a	LTP553	ltpDelayRepFRReadOnly	3	16	n/a	TIGER	306	0	2	1
2862583	REC_WORD	n/a	LTP553	ltpDelayRepFRReadOnly	3	16	n/a	WHISK	186	0	1	1
2863805	REC_WORD	n/a	LTP553	ltpDelayRepFRReadOnly	3	16	n/a	BUS	281	0	1	1
2865015	REC_WORD	n/a	LTP553	ltpDelayRepFRReadOnly	3	16	n/a	BANJO	180	0	2	1
2866788	REC_WORD	n/a	LTP553	ltpDelayRepFRReadOnly	3	16	n/a	BINDER	224	0	2	1
2890088	REC_END	n/a	LTP553	ltpDelayRepFRReadOnly	3	16	n/a	n/a	n/a	0	n/a	0
2890088	TRIAL_START	n/a	LTP553	ltpDelayRepFRReadOnly	3	n/a	n/a	n/a	n/a	0	n/a	0
2907167	COUNTDOWN	n/a	LTP553	ltpDelayRepFRReadOnly	3	n/a	n/a	n/a	n/a	0	n/a	0
2911100	WORD	n/a	LTP553	ltpDelayRepFRReadOnly	3	17	0	VALLEY	200	1	2	0
2912700	WORD_OFF	n/a	LTP553	ltpDelayRepFRReadOnly	3	17	0	n/a	n/a	0	n/a	0
2915484	WORD	n/a	LTP553	ltpDelayRepFRReadOnly	3	17	1	MOSQUITO	160	1	2	0
2917084	WORD_OFF	n/a	LTP553	ltpDelayRepFRReadOnly	3	17	1	n/a	n/a	0	n/a	0
2919800	WORD	n/a	LTP553	ltpDelayRepFRReadOnly	3	17	2	BASS	176	0	2	0
2921400	WORD_OFF	n/a	LTP553	ltpDelayRepFRReadOnly	3	17	2	n/a	n/a	0	n/a	0
2924268	WORD	n/a	LTP553	ltpDelayRepFRReadOnly	3	17	3	CHEESECAKE	78	1	2	0
2925867	WORD_OFF	n/a	LTP553	ltpDelayRepFRReadOnly	3	17	3	n/a	n/a	0	n/a	0
2928801	WORD	n/a	LTP553	ltpDelayRepFRReadOnly	3	17	4	CRAB	210	1	2	0
2930401	WORD_OFF	n/a	LTP553	ltpDelayRepFRReadOnly	3	17	4	n/a	n/a	0	n/a	0
2933000	WORD	n/a	LTP553	ltpDelayRepFRReadOnly	3	17	5	IRON	13	1	2	0
2934600	WORD_OFF	n/a	LTP553	ltpDelayRepFRReadOnly	3	17	5	n/a	n/a	0	n/a	0
2937284	WORD	n/a	LTP553	ltpDelayRepFRReadOnly	3	17	6	MOSQUITO	160	1	2	1
2938901	WORD_OFF	n/a	LTP553	ltpDelayRepFRReadOnly	3	17	6	n/a	n/a	0	n/a	0
2941701	WORD	n/a	LTP553	ltpDelayRepFRReadOnly	3	17	7	DRILL	233	1	1	0
2943301	WORD_OFF	n/a	LTP553	ltpDelayRepFRReadOnly	3	17	7	n/a	n/a	0	n/a	0
2945851	WORD	n/a	LTP553	ltpDelayRepFRReadOnly	3	17	8	VALLEY	200	1	2	1
2947451	WORD_OFF	n/a	LTP553	ltpDelayRepFRReadOnly	3	17	8	n/a	n/a	0	n/a	0
2950351	WORD	n/a	LTP553	ltpDelayRepFRReadOnly	3	17	9	PENCIL	219	1	1	0
2951951	WORD_OFF	n/a	LTP553	ltpDelayRepFRReadOnly	3	17	9	n/a	n/a	0	n/a	0
2954667	WORD	n/a	LTP553	ltpDelayRepFRReadOnly	3	17	10	BASS	176	0	2	1
2956267	WORD_OFF	n/a	LTP553	ltpDelayRepFRReadOnly	3	17	10	n/a	n/a	0	n/a	0
2958951	WORD	n/a	LTP553	ltpDelayRepFRReadOnly	3	17	11	CORN	273	1	1	0
2960551	WORD_OFF	n/a	LTP553	ltpDelayRepFRReadOnly	3	17	11	n/a	n/a	0	n/a	0
2963217	WORD	n/a	LTP553	ltpDelayRepFRReadOnly	3	17	12	LEMON	144	1	1	0
2964817	WORD_OFF	n/a	LTP553	ltpDelayRepFRReadOnly	3	17	12	n/a	n/a	0	n/a	0
2967568	WORD	n/a	LTP553	ltpDelayRepFRReadOnly	3	17	13	CHEESECAKE	78	1	2	1
2969168	WORD_OFF	n/a	LTP553	ltpDelayRepFRReadOnly	3	17	13	n/a	n/a	0	n/a	0
2971984	WORD	n/a	LTP553	ltpDelayRepFRReadOnly	3	17	14	SKIRT	66	1	1	0
2973584	WORD_OFF	n/a	LTP553	ltpDelayRepFRReadOnly	3	17	14	n/a	n/a	0	n/a	0
2976201	WORD	n/a	LTP553	ltpDelayRepFRReadOnly	3	17	15	CRAB	210	1	2	1
2977801	WORD_OFF	n/a	LTP553	ltpDelayRepFRReadOnly	3	17	15	n/a	n/a	0	n/a	0
2980501	WORD	n/a	LTP553	ltpDelayRepFRReadOnly	3	17	16	IRON	13	1	2	1
2982101	WORD_OFF	n/a	LTP553	ltpDelayRepFRReadOnly	3	17	16	n/a	n/a	0	n/a	0
2984967	WORD	n/a	LTP553	ltpDelayRepFRReadOnly	3	17	17	WOOL	100	1	1	0
2986567	WORD_OFF	n/a	LTP553	ltpDelayRepFRReadOnly	3	17	17	n/a	n/a	0	n/a	0
3004417	REC_START	n/a	LTP553	ltpDelayRepFRReadOnly	3	17	n/a	n/a	n/a	0	n/a	0
3005180	REC_WORD	n/a	LTP553	ltpDelayRepFRReadOnly	3	17	n/a	WOOL	100	0	1	1
3006084	REC_WORD	n/a	LTP553	ltpDelayRepFRReadOnly	3	17	n/a	SKIRT	66	0	1	1
3007409	REC_WORD	n/a	LTP553	ltpDelayRepFRReadOnly	3	17	n/a	CRAB	210	0	2	1
3008560	REC_WORD	n/a	LTP553	ltpDelayRepFRReadOnly	3	17	n/a	IRON	13	0	2	1
3009817	REC_WORD	n/a	LTP553	ltpDelayRepFRReadOnly	3	17	n/a	VALLEY	200	0	2	1
3010999	REC_WORD	n/a	LTP553	ltpDelayRepFRReadOnly	3	17	n/a	MOSQUITO	160	0	2	1
3016171	REC_WORD	n/a	LTP553	ltpDelayRepFRReadOnly	3	17	n/a	DRILL	233	0	1	1
3017256	REC_WORD	n/a	LTP553	ltpDelayRepFRReadOnly	3	17	n/a	PENCIL	219	0	1	1
3018674	REC_WORD	n/a	LTP553	ltpDelayRepFRReadOnly	3	17	n/a	CORN	273	0	1	1
3019818	REC_WORD	n/a	LTP553	ltpDelayRepFRReadOnly	3	17	n/a	LEMON	144	0	1	1
3020984	REC_WORD	n/a	LTP553	ltpDelayRepFRReadOnly	3	17	n/a	CHEESECAKE	78	0	2	1
3034939	REC_END	n/a	LTP553	ltpDelayRepFRReadOnly	3	17	n/a	n/a	n/a	0	n/a	0
3034939	TRIAL_START	n/a	LTP553	ltpDelayRepFRReadOnly	3	n/a	n/a	n/a	n/a	0	n/a	0
3138218	COUNTDOWN	n/a	LTP553	ltpDelayRepFRReadOnly	3	n/a	n/a	n/a	n/a	0	n/a	0
3142268	WORD	n/a	LTP553	ltpDelayRepFRReadOnly	3	18	0	DUCK	33	1	2	0
3143884	WORD_OFF	n/a	LTP553	ltpDelayRepFRReadOnly	3	18	0	n/a	n/a	0	n/a	0
3146468	WORD	n/a	LTP553	ltpDelayRepFRReadOnly	3	18	1	COOKIE	79	1	2	0
3148068	WORD_OFF	n/a	LTP553	ltpDelayRepFRReadOnly	3	18	1	n/a	n/a	0	n/a	0
3150667	WORD	n/a	LTP553	ltpDelayRepFRReadOnly	3	18	2	CHIMPANZEE	307	1	2	0
3152267	WORD_OFF	n/a	LTP553	ltpDelayRepFRReadOnly	3	18	2	n/a	n/a	0	n/a	0
3154801	WORD	n/a	LTP553	ltpDelayRepFRReadOnly	3	18	3	MARBLES	251	1	2	0
3156401	WORD_OFF	n/a	LTP553	ltpDelayRepFRReadOnly	3	18	3	n/a	n/a	0	n/a	0
3159285	WORD	n/a	LTP553	ltpDelayRepFRReadOnly	3	18	4	PRINTER	92	0	1	0
3160883	WORD_OFF	n/a	LTP553	ltpDelayRepFRReadOnly	3	18	4	n/a	n/a	0	n/a	0
3163735	WORD	n/a	LTP553	ltpDelayRepFRReadOnly	3	18	5	TOASTER	9	1	2	0
3165334	WORD_OFF	n/a	LTP553	ltpDelayRepFRReadOnly	3	18	5	n/a	n/a	0	n/a	0
3167984	WORD	n/a	LTP553	ltpDelayRepFRReadOnly	3	18	6	TRUMPET	175	1	2	0
3169584	WORD_OFF	n/a	LTP553	ltpDelayRepFRReadOnly	3	18	6	n/a	n/a	0	n/a	0
3172200	WORD	n/a	LTP553	ltpDelayRepFRReadOnly	3	18	7	DUCK	33	1	2	1
3173801	WORD_OFF	n/a	LTP553	ltpDelayRepFRReadOnly	3	18	7	n/a	n/a	0	n/a	0
3176485	WORD	n/a	LTP553	ltpDelayRepFRReadOnly	3	18	8	COOKIE	79	1	2	1
3178083	WORD_OFF	n/a	LTP553	ltpDelayRepFRReadOnly	3	18	8	n/a	n/a	0	n/a	0
3180968	WORD	n/a	LTP553	ltpDelayRepFRReadOnly	3	18	9	BATHROOM	60	0	1	0
3182567	WORD_OFF	n/a	LTP553	ltpDelayRepFRReadOnly	3	18	9	n/a	n/a	0	n/a	0
3185251	WORD	n/a	LTP553	ltpDelayRepFRReadOnly	3	18	10	SHRIMP	208	0	1	0
3186850	WORD_OFF	n/a	LTP553	ltpDelayRepFRReadOnly	3	18	10	n/a	n/a	0	n/a	0
3189568	WORD	n/a	LTP553	ltpDelayRepFRReadOnly	3	18	11	CHIMPANZEE	307	1	2	1
3191168	WORD_OFF	n/a	LTP553	ltpDelayRepFRReadOnly	3	18	11	n/a	n/a	0	n/a	0
3193684	WORD	n/a	LTP553	ltpDelayRepFRReadOnly	3	18	12	SPATULA	184	0	1	0
3195302	WORD_OFF	n/a	LTP553	ltpDelayRepFRReadOnly	3	18	12	n/a	n/a	0	n/a	0
3197984	WORD	n/a	LTP553	ltpDelayRepFRReadOnly	3	18	13	COW	111	0	1	0
3199584	WORD_OFF	n/a	LTP553	ltpDelayRepFRReadOnly	3	18	13	n/a	n/a	0	n/a	0
3202335	WORD	n/a	LTP553	ltpDelayRepFRReadOnly	3	18	14	MARBLES	251	1	2	1
3203934	WORD_OFF	n/a	LTP553	ltpDelayRepFRReadOnly	3	18	14	n/a	n/a	0	n/a	0
3206468	WORD	n/a	LTP553	ltpDelayRepFRReadOnly	3	18	15	JEANS	64	1	1	0
3208067	WORD_OFF	n/a	LTP553	ltpDelayRepFRReadOnly	3	18	15	n/a	n/a	0	n/a	0
3210984	WORD	n/a	LTP553	ltpDelayRepFRReadOnly	3	18	16	TOASTER	9	1	2	1
3212584	WORD_OFF	n/a	LTP553	ltpDelayRepFRReadOnly	3	18	16	n/a	n/a	0	n/a	0
3215284	WORD	n/a	LTP553	ltpDelayRepFRReadOnly	3	18	17	TRUMPET	175	1	2	1
3216884	WORD_OFF	n/a	LTP553	ltpDelayRepFRReadOnly	3	18	17	n/a	n/a	0	n/a	0
3234668	REC_START	n/a	LTP553	ltpDelayRepFRReadOnly	3	18	n/a	n/a	n/a	0	n/a	0
3236224	REC_WORD	n/a	LTP553	ltpDelayRepFRReadOnly	3	18	n/a	TOASTER	9	0	2	1
3237431	REC_WORD	n/a	LTP553	ltpDelayRepFRReadOnly	3	18	n/a	TRUMPET	175	0	2	1
3240570	REC_WORD	n/a	LTP553	ltpDelayRepFRReadOnly	3	18	n/a	JEANS	64	0	1	1
3241570	REC_WORD_VV	n/a	LTP553	ltpDelayRepFRReadOnly	3	18	n/a	<>	-1	0	n/a	0
3242413	REC_WORD	n/a	LTP553	ltpDelayRepFRReadOnly	3	18	n/a	DUCK	33	0	2	1
3244118	REC_WORD	n/a	LTP553	ltpDelayRepFRReadOnly	3	18	n/a	COOKIE	79	0	2	1
3245306	REC_WORD	n/a	LTP553	ltpDelayRepFRReadOnly	3	18	n/a	CHIMPANZEE	307	0	2	1
3247049	REC_WORD	n/a	LTP553	ltpDelayRepFRReadOnly	3	18	n/a	MARBLES	251	0	2	1
3265172	REC_END	n/a	LTP553	ltpDelayRepFRReadOnly	3	18	n/a	n/a	n/a	0	n/a	0
3265172	TRIAL_START	n/a	LTP553	ltpDelayRepFRReadOnly	3	n/a	n/a	n/a	n/a	0	n/a	0
3292751	COUNTDOWN	n/a	LTP553	ltpDelayRepFRReadOnly	3	n/a	n/a	n/a	n/a	0	n/a	0
3296767	WORD	n/a	LTP553	ltpDelayRepFRReadOnly	3	19	0	SOFA	150	1	2	0
3298367	WORD_OFF	n/a	LTP553	ltpDelayRepFRReadOnly	3	19	0	n/a	n/a	0	n/a	0
3300967	WORD	n/a	LTP553	ltpDelayRepFRReadOnly	3	19	1	DAFFODIL	128	0	1	0
3302567	WORD_OFF	n/a	LTP553	ltpDelayRepFRReadOnly	3	19	1	n/a	n/a	0	n/a	0
3305368	WORD	n/a	LTP553	ltpDelayRepFRReadOnly	3	19	2	RATCHET	239	1	1	0
3306967	WORD_OFF	n/a	LTP553	ltpDelayRepFRReadOnly	3	19	2	n/a	n/a	0	n/a	0
3309602	WORD	n/a	LTP553	ltpDelayRepFRReadOnly	3	19	3	MOUSSE	84	1	2	0
3311218	WORD_OFF	n/a	LTP553	ltpDelayRepFRReadOnly	3	19	3	n/a	n/a	0	n/a	0
3313734	WORD	n/a	LTP553	ltpDelayRepFRReadOnly	3	19	4	SPOON	182	1	2	0
3315335	WORD_OFF	n/a	LTP553	ltpDelayRepFRReadOnly	3	19	4	n/a	n/a	0	n/a	0
3318100	WORD	n/a	LTP553	ltpDelayRepFRReadOnly	3	19	5	WIND	291	0	1	0
3319700	WORD_OFF	n/a	LTP553	ltpDelayRepFRReadOnly	3	19	5	n/a	n/a	0	n/a	0
3322684	WORD	n/a	LTP553	ltpDelayRepFRReadOnly	3	19	6	LEATHER	105	0	2	0
3324284	WORD_OFF	n/a	LTP553	ltpDelayRepFRReadOnly	3	19	6	n/a	n/a	0	n/a	0
3327000	WORD	n/a	LTP553	ltpDelayRepFRReadOnly	3	19	7	CYPRESS	265	1	2	0
3328600	WORD_OFF	n/a	LTP553	ltpDelayRepFRReadOnly	3	19	7	n/a	n/a	0	n/a	0
3331285	WORD	n/a	LTP553	ltpDelayRepFRReadOnly	3	19	8	DRESS	73	1	2	0
3332884	WORD_OFF	n/a	LTP553	ltpDelayRepFRReadOnly	3	19	8	n/a	n/a	0	n/a	0
3335401	WORD	n/a	LTP553	ltpDelayRepFRReadOnly	3	19	9	SOFA	150	1	2	1
3337000	WORD_OFF	n/a	LTP553	ltpDelayRepFRReadOnly	3	19	9	n/a	n/a	0	n/a	0
3339651	WORD	n/a	LTP553	ltpDelayRepFRReadOnly	3	19	10	TEA	20	1	1	0
3341251	WORD_OFF	n/a	LTP553	ltpDelayRepFRReadOnly	3	19	10	n/a	n/a	0	n/a	0
3343784	WORD	n/a	LTP553	ltpDelayRepFRReadOnly	3	19	11	MOUSSE	84	1	2	1
3345385	WORD_OFF	n/a	LTP553	ltpDelayRepFRReadOnly	3	19	11	n/a	n/a	0	n/a	0
3348234	WORD	n/a	LTP553	ltpDelayRepFRReadOnly	3	19	12	LEATHER	105	0	2	1
3349834	WORD_OFF	n/a	LTP553	ltpDelayRepFRReadOnly	3	19	12	n/a	n/a	0	n/a	0
3352568	WORD	n/a	LTP553	ltpDelayRepFRReadOnly	3	19	13	CROW	30	0	1	0
3354167	WORD_OFF	n/a	LTP553	ltpDelayRepFRReadOnly	3	19	13	n/a	n/a	0	n/a	0
3357117	WORD	n/a	LTP553	ltpDelayRepFRReadOnly	3	19	14	SPOON	182	1	2	1
3358717	WORD_OFF	n/a	LTP553	ltpDelayRepFRReadOnly	3	19	14	n/a	n/a	0	n/a	0
3361368	WORD	n/a	LTP553	ltpDelayRepFRReadOnly	3	19	15	WINDOW	51	0	1	0
3362968	WORD_OFF	n/a	LTP553	ltpDelayRepFRReadOnly	3	19	15	n/a	n/a	0	n/a	0
3365918	WORD	n/a	LTP553	ltpDelayRepFRReadOnly	3	19	16	CYPRESS	265	1	2	1
3367517	WORD_OFF	n/a	LTP553	ltpDelayRepFRReadOnly	3	19	16	n/a	n/a	0	n/a	0
3370501	WORD	n/a	LTP553	ltpDelayRepFRReadOnly	3	19	17	DRESS	73	1	2	1
3372101	WORD_OFF	n/a	LTP553	ltpDelayRepFRReadOnly	3	19	17	n/a	n/a	0	n/a	0
3389835	REC_START	n/a	LTP553	ltpDelayRepFRReadOnly	3	19	n/a	n/a	n/a	0	n/a	0
3390560	REC_WORD	n/a	LTP553	ltpDelayRepFRReadOnly	3	19	n/a	CYPRESS	265	0	2	1
3391908	REC_WORD	n/a	LTP553	ltpDelayRepFRReadOnly	3	19	n/a	DRESS	73	0	2	1
3393128	REC_WORD	n/a	LTP553	ltpDelayRepFRReadOnly	3	19	n/a	SPOON	182	0	2	1
3394516	REC_WORD	n/a	LTP553	ltpDelayRepFRReadOnly	3	19	n/a	MOUSSE	84	0	2	1
3395900	REC_WORD	n/a	LTP553	ltpDelayRepFRReadOnly	3	19	n/a	RATCHET	239	0	1	1
3397086	REC_WORD	n/a	LTP553	ltpDelayRepFRReadOnly	3	19	n/a	SOFA	150	0	2	1
3404910	REC_WORD	n/a	LTP553	ltpDelayRepFRReadOnly	3	19	n/a	TEA	20	0	1	1
3420338	TRIAL_START	n/a	LTP553	ltpDelayRepFRReadOnly	3	n/a	n/a	n/a	n/a	0	n/a	0
3420338	REC_END	n/a	LTP553	ltpDelayRepFRReadOnly	3	19	n/a	n/a	n/a	0	n/a	0
3431218	COUNTDOWN	n/a	LTP553	ltpDelayRepFRReadOnly	3	n/a	n/a	n/a	n/a	0	n/a	0
3435252	WORD	n/a	LTP553	ltpDelayRepFRReadOnly	3	20	0	BOOKCASE	155	1	2	0
3436852	WORD_OFF	n/a	LTP553	ltpDelayRepFRReadOnly	3	20	0	n/a	n/a	0	n/a	0
3439368	WORD	n/a	LTP553	ltpDelayRepFRReadOnly	3	20	1	BLENDER	10	1	2	0
3440968	WORD_OFF	n/a	LTP553	ltpDelayRepFRReadOnly	3	20	1	n/a	n/a	0	n/a	0
3443752	WORD	n/a	LTP553	ltpDelayRepFRReadOnly	3	20	2	PEN	218	1	2	0
3445351	WORD_OFF	n/a	LTP553	ltpDelayRepFRReadOnly	3	20	2	n/a	n/a	0	n/a	0
3448334	WORD	n/a	LTP553	ltpDelayRepFRReadOnly	3	20	3	THUNDERSTORM	293	1	2	0
3449935	WORD_OFF	n/a	LTP553	ltpDelayRepFRReadOnly	3	20	3	n/a	n/a	0	n/a	0
3452935	WORD	n/a	LTP553	ltpDelayRepFRReadOnly	3	20	4	SPIDER	168	1	2	0
3454535	WORD_OFF	n/a	LTP553	ltpDelayRepFRReadOnly	3	20	4	n/a	n/a	0	n/a	0
3457485	WORD	n/a	LTP553	ltpDelayRepFRReadOnly	3	20	5	BALL	243	0	1	0
3459085	WORD_OFF	n/a	LTP553	ltpDelayRepFRReadOnly	3	20	5	n/a	n/a	0	n/a	0
3461952	WORD	n/a	LTP553	ltpDelayRepFRReadOnly	3	20	6	SUNFLOWER	131	0	1	0
3463552	WORD_OFF	n/a	LTP553	ltpDelayRepFRReadOnly	3	20	6	n/a	n/a	0	n/a	0
3466218	WORD	n/a	LTP553	ltpDelayRepFRReadOnly	3	20	7	LADLE	190	1	2	0
3467817	WORD_OFF	n/a	LTP553	ltpDelayRepFRReadOnly	3	20	7	n/a	n/a	0	n/a	0
3470517	WORD	n/a	LTP553	ltpDelayRepFRReadOnly	3	20	8	BOOKCASE	155	1	2	1
3472117	WORD_OFF	n/a	LTP553	ltpDelayRepFRReadOnly	3	20	8	n/a	n/a	0	n/a	0
3474635	WORD	n/a	LTP553	ltpDelayRepFRReadOnly	3	20	9	BLENDER	10	1	2	1
3476235	WORD_OFF	n/a	LTP553	ltpDelayRepFRReadOnly	3	20	9	n/a	n/a	0	n/a	0
3479134	WORD	n/a	LTP553	ltpDelayRepFRReadOnly	3	20	10	PEN	218	1	2	1
3480734	WORD_OFF	n/a	LTP553	ltpDelayRepFRReadOnly	3	20	10	n/a	n/a	0	n/a	0
3483452	WORD	n/a	LTP553	ltpDelayRepFRReadOnly	3	20	11	CEILING	55	1	1	0
3485052	WORD_OFF	n/a	LTP553	ltpDelayRepFRReadOnly	3	20	11	n/a	n/a	0	n/a	0
3487968	WORD	n/a	LTP553	ltpDelayRepFRReadOnly	3	20	12	BOAT	287	1	1	0
3489568	WORD_OFF	n/a	LTP553	ltpDelayRepFRReadOnly	3	20	12	n/a	n/a	0	n/a	0
3492485	WORD	n/a	LTP553	ltpDelayRepFRReadOnly	3	20	13	THUNDERSTORM	293	1	2	1
3494084	WORD_OFF	n/a	LTP553	ltpDelayRepFRReadOnly	3	20	13	n/a	n/a	0	n/a	0
3497002	WORD	n/a	LTP553	ltpDelayRepFRReadOnly	3	20	14	DOLPHIN	207	0	1	0
3498601	WORD_OFF	n/a	LTP553	ltpDelayRepFRReadOnly	3	20	14	n/a	n/a	0	n/a	0
3501184	WORD	n/a	LTP553	ltpDelayRepFRReadOnly	3	20	15	EVERGREEN	258	0	1	0
3502785	WORD_OFF	n/a	LTP553	ltpDelayRepFRReadOnly	3	20	15	n/a	n/a	0	n/a	0
3505551	WORD	n/a	LTP553	ltpDelayRepFRReadOnly	3	20	16	SPIDER	168	1	2	1
3507152	WORD_OFF	n/a	LTP553	ltpDelayRepFRReadOnly	3	20	16	n/a	n/a	0	n/a	0
3509718	WORD	n/a	LTP553	ltpDelayRepFRReadOnly	3	20	17	LADLE	190	1	2	1
3511318	WORD_OFF	n/a	LTP553	ltpDelayRepFRReadOnly	3	20	17	n/a	n/a	0	n/a	0
3529252	REC_START	n/a	LTP553	ltpDelayRepFRReadOnly	3	20	n/a	n/a	n/a	0	n/a	0
3529980	REC_WORD	n/a	LTP553	ltpDelayRepFRReadOnly	3	20	n/a	SPIDER	168	0	2	1
3531106	REC_WORD	n/a	LTP553	ltpDelayRepFRReadOnly	3	20	n/a	CEILING	55	0	1	1
3532282	REC_WORD	n/a	LTP553	ltpDelayRepFRReadOnly	3	20	n/a	LADLE	190	0	2	1
3533468	REC_WORD	n/a	LTP553	ltpDelayRepFRReadOnly	3	20	n/a	BOAT	287	0	1	1
3534544	REC_WORD	n/a	LTP553	ltpDelayRepFRReadOnly	3	20	n/a	BOOKCASE	155	0	2	1
3535768	REC_WORD	n/a	LTP553	ltpDelayRepFRReadOnly	3	20	n/a	BLENDER	10	0	2	1
3538707	REC_WORD	n/a	LTP553	ltpDelayRepFRReadOnly	3	20	n/a	PEN	218	0	2	1
3539722	REC_WORD	n/a	LTP553	ltpDelayRepFRReadOnly	3	20	n/a	THUNDERSTORM	293	0	2	1
3559754	REC_END	n/a	LTP553	ltpDelayRepFRReadOnly	3	20	n/a	n/a	n/a	0	n/a	0
3559754	SESS_END	n/a	LTP553	ltpDelayRepFRReadOnly	3	n/a	n/a	n/a	n/a	0	n/a	0
